,miRTarBase ID,miRNA,Species (miRNA),Target Gene,Target Gene (Entrez Gene ID),Species (Target Gene),Experiments,Support Type,References (PMID)
56749,MIRT097017,hsa-miR-6807-3p,Homo sapiens,MAP1B,4131.0,Homo sapiens,PAR-CLIP,Functional MTI (Weak),20371350
72866,MIRT222077,hsa-miR-6807-5p,Homo sapiens,PURB,5814.0,Homo sapiens,HITS-CLIP,Functional MTI (Weak),23313552
72867,MIRT222077,hsa-miR-6807-5p,Homo sapiens,PURB,5814.0,Homo sapiens,PAR-CLIP,Functional MTI (Weak),23592263
73205,MIRT226557,hsa-miR-6807-3p,Homo sapiens,TP53INP1,94241.0,Homo sapiens,PAR-CLIP,Functional MTI (Weak),24398324
74683,MIRT243463,hsa-miR-6807-3p,Homo sapiens,LMLN,89782.0,Homo sapiens,PAR-CLIP,Functional MTI (Weak),23446348
77268,MIRT267507,hsa-miR-6807-5p,Homo sapiens,FEN1,2237.0,Homo sapiens,PAR-CLIP,Functional MTI (Weak),20371350
77514,MIRT270984,hsa-miR-6807-3p,Homo sapiens,FLVCR1,28982.0,Homo sapiens,PAR-CLIP,Functional MTI (Weak),20371350
77543,MIRT271126,hsa-miR-6807-3p,Homo sapiens,ZNF268,10795.0,Homo sapiens,PAR-CLIP,Functional MTI (Weak),20371350
77544,MIRT271126,hsa-miR-6807-3p,Homo sapiens,ZNF268,10795.0,Homo sapiens,PAR-CLIP,Functional MTI (Weak),23446348
80340,MIRT304075,hsa-miR-6807-5p,Homo sapiens,CIAO1,9391.0,Homo sapiens,PAR-CLIP,Functional MTI (Weak),23446348
81634,MIRT319581,hsa-miR-6807-5p,Homo sapiens,TMEM209,84928.0,Homo sapiens,PAR-CLIP,Functional MTI (Weak),23592263
82586,MIRT331096,hsa-miR-6807-3p,Homo sapiens,GHITM,27069.0,Homo sapiens,PAR-CLIP,Functional MTI (Weak),23446348
83178,MIRT340074,hsa-miR-6807-5p,Homo sapiens,KPNA6,23633.0,Homo sapiens,PAR-CLIP,Functional MTI (Weak),23446348
83186,MIRT340281,hsa-miR-6807-5p,Homo sapiens,AK2,204.0,Homo sapiens,HITS-CLIP,Functional MTI (Weak),23824327
83645,MIRT349309,hsa-miR-6807-3p,Homo sapiens,ZNF317,57693.0,Homo sapiens,PAR-CLIP,Functional MTI (Weak),23592263
84014,MIRT355942,hsa-miR-6807-5p,Homo sapiens,C4ORF3,401152.0,Homo sapiens,PAR-CLIP,Functional MTI (Weak),23446348
84521,MIRT364421,hsa-miR-6807-5p,Homo sapiens,ATP6V1G1,9550.0,Homo sapiens,HITS-CLIP,Functional MTI (Weak),23313552
86534,MIRT406042,hsa-miR-6807-5p,Homo sapiens,AP3S2,10239.0,Homo sapiens,PAR-CLIP,Functional MTI (Weak),20371350
86535,MIRT406042,hsa-miR-6807-5p,Homo sapiens,AP3S2,10239.0,Homo sapiens,PAR-CLIP,Functional MTI (Weak),23446348
86536,MIRT406048,hsa-miR-6807-5p,Homo sapiens,C15ORF38-AP3S2,100526783.0,Homo sapiens,PAR-CLIP,Functional MTI (Weak),20371350
86537,MIRT406048,hsa-miR-6807-5p,Homo sapiens,C15ORF38-AP3S2,100526783.0,Homo sapiens,PAR-CLIP,Functional MTI (Weak),23446348
90804,MIRT441448,hsa-miR-6807-5p,Homo sapiens,MTX3,345778.0,Homo sapiens,PAR-CLIP,Functional MTI (Weak),22100165
91218,MIRT441792,hsa-miR-6807-5p,Homo sapiens,INPP5B,3633.0,Homo sapiens,PAR-CLIP,Functional MTI (Weak),22100165
91219,MIRT441792,hsa-miR-6807-5p,Homo sapiens,INPP5B,3633.0,Homo sapiens,PAR-CLIP,Functional MTI (Weak),22291592
91220,MIRT441792,hsa-miR-6807-5p,Homo sapiens,INPP5B,3633.0,Homo sapiens,PAR-CLIP,Functional MTI (Weak),23708386
91263,MIRT441836,hsa-miR-6807-5p,Homo sapiens,TBX18,9096.0,Homo sapiens,PAR-CLIP,Functional MTI (Weak),22100165
91297,MIRT441870,hsa-miR-6807-5p,Homo sapiens,PPP1R15B,84919.0,Homo sapiens,PAR-CLIP,Functional MTI (Weak),22100165
91335,MIRT441898,hsa-miR-6807-5p,Homo sapiens,SLC9A8,23315.0,Homo sapiens,HITS-CLIP,Functional MTI (Weak),19536157
91336,MIRT441898,hsa-miR-6807-5p,Homo sapiens,SLC9A8,23315.0,Homo sapiens,PAR-CLIP,Functional MTI (Weak),22100165
91337,MIRT441898,hsa-miR-6807-5p,Homo sapiens,SLC9A8,23315.0,Homo sapiens,PAR-CLIP,Functional MTI (Weak),22291592
91338,MIRT441898,hsa-miR-6807-5p,Homo sapiens,SLC9A8,23315.0,Homo sapiens,PAR-CLIP,Functional MTI (Weak),23708386
91695,MIRT442133,hsa-miR-6807-5p,Homo sapiens,ZFP91,80829.0,Homo sapiens,PAR-CLIP,Functional MTI (Weak),22100165
91987,MIRT442384,hsa-miR-6807-5p,Homo sapiens,CLVS2,134829.0,Homo sapiens,PAR-CLIP,Functional MTI (Weak),22100165
92650,MIRT442934,hsa-miR-6807-5p,Homo sapiens,TMX1,81542.0,Homo sapiens,PAR-CLIP,Functional MTI (Weak),22100165
92729,MIRT443010,hsa-miR-6807-5p,Homo sapiens,PDE7A,5150.0,Homo sapiens,PAR-CLIP,Functional MTI (Weak),22100165
93109,MIRT443364,hsa-miR-6807-5p,Homo sapiens,CSRP1,1465.0,Homo sapiens,PAR-CLIP,Functional MTI (Weak),22100165
93189,MIRT443443,hsa-miR-6807-5p,Homo sapiens,SERPINB4,6318.0,Homo sapiens,PAR-CLIP,Functional MTI (Weak),22100165
93194,MIRT443448,hsa-miR-6807-5p,Homo sapiens,CLIC5,53405.0,Homo sapiens,PAR-CLIP,Functional MTI (Weak),22100165
93239,MIRT443491,hsa-miR-6807-3p,Homo sapiens,ZNF583,147949.0,Homo sapiens,PAR-CLIP,Functional MTI (Weak),22100165
93273,MIRT443511,hsa-miR-6807-5p,Homo sapiens,C16orf54,283897.0,Homo sapiens,PAR-CLIP,Functional MTI (Weak),22100165
93440,MIRT443659,hsa-miR-6807-5p,Homo sapiens,SERPINB3,6317.0,Homo sapiens,PAR-CLIP,Functional MTI (Weak),22100165
94257,MIRT444414,hsa-miR-6807-5p,Homo sapiens,EMC1,23065.0,Homo sapiens,PAR-CLIP,Functional MTI (Weak),22100165
94644,MIRT444796,hsa-miR-6807-5p,Homo sapiens,TMEM251,26175.0,Homo sapiens,PAR-CLIP,Functional MTI (Weak),22100165
95011,MIRT445164,hsa-miR-6807-5p,Homo sapiens,TFPI,7035.0,Homo sapiens,PAR-CLIP,Functional MTI (Weak),22100165
95793,MIRT445833,hsa-miR-6807-3p,Homo sapiens,SRSF11,9295.0,Homo sapiens,PAR-CLIP,Functional MTI (Weak),22100165
96793,MIRT446777,hsa-miR-6807-5p,Homo sapiens,PPIP5K2,23262.0,Homo sapiens,PAR-CLIP,Functional MTI (Weak),22100165
97377,MIRT447337,hsa-miR-6807-5p,Homo sapiens,KIF6,221458.0,Homo sapiens,PAR-CLIP,Functional MTI (Weak),22100165
97378,MIRT447337,hsa-miR-6807-5p,Homo sapiens,KIF6,221458.0,Homo sapiens,PAR-CLIP,Functional MTI (Weak),23446348
97663,MIRT447621,hsa-miR-6807-5p,Homo sapiens,CUL3,8452.0,Homo sapiens,PAR-CLIP,Functional MTI (Weak),22100165
98035,MIRT447978,hsa-miR-6807-5p,Homo sapiens,LINC00598,646982.0,Homo sapiens,PAR-CLIP,Functional MTI (Weak),22100165
98122,MIRT448065,hsa-miR-6807-5p,Homo sapiens,SLC25A43,203427.0,Homo sapiens,PAR-CLIP,Functional MTI (Weak),22100165
99675,MIRT449420,hsa-miR-6807-5p,Homo sapiens,TMEM106B,54664.0,Homo sapiens,PAR-CLIP,Functional MTI (Weak),22100165
100129,MIRT449871,hsa-miR-6807-5p,Homo sapiens,PRLR,5618.0,Homo sapiens,PAR-CLIP,Functional MTI (Weak),22100165
100279,MIRT449989,hsa-miR-6807-5p,Homo sapiens,PSMG1,8624.0,Homo sapiens,PAR-CLIP,Functional MTI (Weak),22100165
100346,MIRT450049,hsa-miR-6807-5p,Homo sapiens,IL17RA,23765.0,Homo sapiens,PAR-CLIP,Functional MTI (Weak),22100165
100857,MIRT450539,hsa-miR-6807-5p,Homo sapiens,SHFM1,7979.0,Homo sapiens,PAR-CLIP,Functional MTI (Weak),22100165
102153,MIRT451648,hsa-miR-6807-5p,Homo sapiens,C14orf2,9556.0,Homo sapiens,PAR-CLIP,Functional MTI (Weak),23592263
102694,MIRT452053,hsa-miR-6807-5p,Homo sapiens,ZNF585B,92285.0,Homo sapiens,PAR-CLIP,Functional MTI (Weak),20371350
102695,MIRT452053,hsa-miR-6807-5p,Homo sapiens,ZNF585B,92285.0,Homo sapiens,PAR-CLIP,Functional MTI (Weak),21572407
102696,MIRT452053,hsa-miR-6807-5p,Homo sapiens,ZNF585B,92285.0,Homo sapiens,PAR-CLIP,Functional MTI (Weak),23446348
102697,MIRT452053,hsa-miR-6807-5p,Homo sapiens,ZNF585B,92285.0,Homo sapiens,PAR-CLIP,Functional MTI (Weak),23592263
102916,MIRT452210,hsa-miR-6807-5p,Homo sapiens,HAVCR1,26762.0,Homo sapiens,PAR-CLIP,Functional MTI (Weak),20371350
102917,MIRT452210,hsa-miR-6807-5p,Homo sapiens,HAVCR1,26762.0,Homo sapiens,PAR-CLIP,Functional MTI (Weak),21572407
102918,MIRT452210,hsa-miR-6807-5p,Homo sapiens,HAVCR1,26762.0,Homo sapiens,HITS-CLIP,Functional MTI (Weak),23313552
102919,MIRT452210,hsa-miR-6807-5p,Homo sapiens,HAVCR1,26762.0,Homo sapiens,PAR-CLIP,Functional MTI (Weak),23446348
102920,MIRT452210,hsa-miR-6807-5p,Homo sapiens,HAVCR1,26762.0,Homo sapiens,PAR-CLIP,Functional MTI (Weak),23592263
103472,MIRT452561,hsa-miR-6807-5p,Homo sapiens,ZFP69B,65243.0,Homo sapiens,PAR-CLIP,Functional MTI (Weak),23592263
103723,MIRT452756,hsa-miR-6807-5p,Homo sapiens,TCEA3,6920.0,Homo sapiens,PAR-CLIP,Functional MTI (Weak),21572407
103724,MIRT452756,hsa-miR-6807-5p,Homo sapiens,TCEA3,6920.0,Homo sapiens,PAR-CLIP,Functional MTI (Weak),23592263
104733,MIRT453390,hsa-miR-6807-5p,Homo sapiens,RHD,6007.0,Homo sapiens,HITS-CLIP,Functional MTI (Weak),23313552
104734,MIRT453390,hsa-miR-6807-5p,Homo sapiens,RHD,6007.0,Homo sapiens,PAR-CLIP,Functional MTI (Weak),23592263
104735,MIRT453390,hsa-miR-6807-5p,Homo sapiens,RHD,6007.0,Homo sapiens,HITS-CLIP,Functional MTI (Weak),23706177
105434,MIRT453899,hsa-miR-6807-5p,Homo sapiens,GABRR2,2570.0,Homo sapiens,PAR-CLIP,Functional MTI (Weak),21572407
105435,MIRT453899,hsa-miR-6807-5p,Homo sapiens,GABRR2,2570.0,Homo sapiens,PAR-CLIP,Functional MTI (Weak),23592263
105673,MIRT454058,hsa-miR-6807-5p,Homo sapiens,SLC35E3,55508.0,Homo sapiens,PAR-CLIP,Functional MTI (Weak),23592263
106111,MIRT454368,hsa-miR-6807-5p,Homo sapiens,PIGS,94005.0,Homo sapiens,PAR-CLIP,Functional MTI (Weak),23592263
106733,MIRT454843,hsa-miR-6807-5p,Homo sapiens,ACOT9,23597.0,Homo sapiens,HITS-CLIP,Functional MTI (Weak),23313552
106734,MIRT454843,hsa-miR-6807-5p,Homo sapiens,ACOT9,23597.0,Homo sapiens,PAR-CLIP,Functional MTI (Weak),23446348
106735,MIRT454843,hsa-miR-6807-5p,Homo sapiens,ACOT9,23597.0,Homo sapiens,PAR-CLIP,Functional MTI (Weak),23592263
109238,MIRT456331,hsa-miR-6807-5p,Homo sapiens,F11R,50848.0,Homo sapiens,PAR-CLIP,Functional MTI (Weak),23592263
110256,MIRT457152,hsa-miR-6807-5p,Homo sapiens,MXRA7,439921.0,Homo sapiens,PAR-CLIP,Functional MTI (Weak),23592263
111377,MIRT458097,hsa-miR-6807-5p,Homo sapiens,TTLL1,25809.0,Homo sapiens,PAR-CLIP,Functional MTI (Weak),23592263
111412,MIRT458132,hsa-miR-6807-5p,Homo sapiens,TLCD2,727910.0,Homo sapiens,HITS-CLIP,Functional MTI (Weak),21572407
111413,MIRT458132,hsa-miR-6807-5p,Homo sapiens,TLCD2,727910.0,Homo sapiens,PAR-CLIP,Functional MTI (Weak),23592263
111492,MIRT458168,hsa-miR-6807-5p,Homo sapiens,LYRM4,57128.0,Homo sapiens,HITS-CLIP,Functional MTI (Weak),19536157
111493,MIRT458168,hsa-miR-6807-5p,Homo sapiens,LYRM4,57128.0,Homo sapiens,HITS-CLIP,Functional MTI (Weak),23313552
111494,MIRT458168,hsa-miR-6807-5p,Homo sapiens,LYRM4,57128.0,Homo sapiens,PAR-CLIP,Functional MTI (Weak),23592263
111695,MIRT458357,hsa-miR-6807-5p,Homo sapiens,ZFP42,132625.0,Homo sapiens,PAR-CLIP,Functional MTI (Weak),23592263
112130,MIRT458632,hsa-miR-6807-5p,Homo sapiens,SGPP2,130367.0,Homo sapiens,PAR-CLIP,Functional MTI (Weak),23592263
112552,MIRT458989,hsa-miR-6807-5p,Homo sapiens,KIAA1551,55196.0,Homo sapiens,PAR-CLIP,Functional MTI (Weak),23446348
112553,MIRT458989,hsa-miR-6807-5p,Homo sapiens,KIAA1551,55196.0,Homo sapiens,PAR-CLIP,Functional MTI (Weak),23592263
113191,MIRT459417,hsa-miR-6807-5p,Homo sapiens,FAM83B,222584.0,Homo sapiens,PAR-CLIP,Functional MTI (Weak),23592263
113556,MIRT459726,hsa-miR-6807-5p,Homo sapiens,RRM1,6240.0,Homo sapiens,PAR-CLIP,Functional MTI (Weak),23592263
114143,MIRT459977,hsa-miR-6807-5p,Homo sapiens,RFT1,91869.0,Homo sapiens,PAR-CLIP,Functional MTI (Weak),23592263
114182,MIRT460012,hsa-miR-6807-5p,Homo sapiens,DTX3L,151636.0,Homo sapiens,PAR-CLIP,Functional MTI (Weak),21572407
114183,MIRT460012,hsa-miR-6807-5p,Homo sapiens,DTX3L,151636.0,Homo sapiens,PAR-CLIP,Functional MTI (Weak),23446348
114184,MIRT460012,hsa-miR-6807-5p,Homo sapiens,DTX3L,151636.0,Homo sapiens,PAR-CLIP,Functional MTI (Weak),23592263
114535,MIRT460279,hsa-miR-6807-5p,Homo sapiens,PDE11A,50940.0,Homo sapiens,PAR-CLIP,Functional MTI (Weak),23592263
115282,MIRT460827,hsa-miR-6807-5p,Homo sapiens,EGF,1950.0,Homo sapiens,PAR-CLIP,Functional MTI (Weak),21572407
115283,MIRT460827,hsa-miR-6807-5p,Homo sapiens,EGF,1950.0,Homo sapiens,PAR-CLIP,Functional MTI (Weak),23592263
115615,MIRT461075,hsa-miR-6807-5p,Homo sapiens,OPA3,80207.0,Homo sapiens,PAR-CLIP,Functional MTI (Weak),23592263
115805,MIRT461194,hsa-miR-6807-5p,Homo sapiens,TIPIN,54962.0,Homo sapiens,PAR-CLIP,Functional MTI (Weak),23592263
116219,MIRT461495,hsa-miR-6807-5p,Homo sapiens,NEDD4L,23327.0,Homo sapiens,PAR-CLIP,Functional MTI (Weak),23592263
116324,MIRT461567,hsa-miR-6807-5p,Homo sapiens,SCO1,6341.0,Homo sapiens,PAR-CLIP,Functional MTI (Weak),23592263
116325,MIRT461567,hsa-miR-6807-5p,Homo sapiens,SCO1,6341.0,Homo sapiens,HITS-CLIP,Functional MTI (Weak),23706177
116781,MIRT462006,hsa-miR-6807-3p,Homo sapiens,SNRNP27,11017.0,Homo sapiens,PAR-CLIP,Functional MTI (Weak),23592263
116830,MIRT462054,hsa-miR-6807-5p,Homo sapiens,CCDC77,84318.0,Homo sapiens,PAR-CLIP,Functional MTI (Weak),21572407
116831,MIRT462054,hsa-miR-6807-5p,Homo sapiens,CCDC77,84318.0,Homo sapiens,PAR-CLIP,Functional MTI (Weak),23592263
116872,MIRT462076,hsa-miR-6807-5p,Homo sapiens,MSANTD2,79684.0,Homo sapiens,PAR-CLIP,Functional MTI (Weak),23592263
117083,MIRT462274,hsa-miR-6807-5p,Homo sapiens,KRR1,11103.0,Homo sapiens,PAR-CLIP,Functional MTI (Weak),23592263
117383,MIRT462514,hsa-miR-6807-5p,Homo sapiens,ZNF500,26048.0,Homo sapiens,PAR-CLIP,Functional MTI (Weak),23592263
120250,MIRT464437,hsa-miR-6807-5p,Homo sapiens,UGGT1,56886.0,Homo sapiens,PAR-CLIP,Functional MTI (Weak),23592263
123625,MIRT466666,hsa-miR-6807-5p,Homo sapiens,TAF1D,79101.0,Homo sapiens,PAR-CLIP,Functional MTI (Weak),23592263
123626,MIRT466666,hsa-miR-6807-5p,Homo sapiens,TAF1D,79101.0,Homo sapiens,HITS-CLIP,Functional MTI (Weak),23706177
124580,MIRT467244,hsa-miR-6807-5p,Homo sapiens,SPPL2A,84888.0,Homo sapiens,PAR-CLIP,Functional MTI (Weak),23592263
124965,MIRT467537,hsa-miR-6807-5p,Homo sapiens,SMARCD1,6602.0,Homo sapiens,PAR-CLIP,Functional MTI (Weak),23592263
126800,MIRT468830,hsa-miR-6807-5p,Homo sapiens,RRM2,6241.0,Homo sapiens,PAR-CLIP,Functional MTI (Weak),23592263
127141,MIRT469093,hsa-miR-6807-5p,Homo sapiens,RNF144B,255488.0,Homo sapiens,PAR-CLIP,Functional MTI (Weak),23592263
130777,MIRT471618,hsa-miR-6807-5p,Homo sapiens,PAPOLA,10914.0,Homo sapiens,PAR-CLIP,Functional MTI (Weak),23592263
130807,MIRT471637,hsa-miR-6807-5p,Homo sapiens,PANK2,80025.0,Homo sapiens,PAR-CLIP,Functional MTI (Weak),20371350
130808,MIRT471637,hsa-miR-6807-5p,Homo sapiens,PANK2,80025.0,Homo sapiens,PAR-CLIP,Functional MTI (Weak),23592263
131042,MIRT471819,hsa-miR-6807-5p,Homo sapiens,NUFIP2,57532.0,Homo sapiens,PAR-CLIP,Functional MTI (Weak),23592263
131729,MIRT472390,hsa-miR-6807-5p,Homo sapiens,NDRG3,57446.0,Homo sapiens,PAR-CLIP,Functional MTI (Weak),23592263
134300,MIRT474160,hsa-miR-6807-5p,Homo sapiens,LGSN,51557.0,Homo sapiens,PAR-CLIP,Functional MTI (Weak),23592263
135534,MIRT474980,hsa-miR-6807-5p,Homo sapiens,KATNAL1,84056.0,Homo sapiens,PAR-CLIP,Functional MTI (Weak),23592263
135535,MIRT474980,hsa-miR-6807-5p,Homo sapiens,KATNAL1,84056.0,Homo sapiens,HITS-CLIP,Functional MTI (Weak),23706177
138236,MIRT476537,hsa-miR-6807-5p,Homo sapiens,GABPB1,2553.0,Homo sapiens,HITS-CLIP,Functional MTI (Weak),23313552
138237,MIRT476537,hsa-miR-6807-5p,Homo sapiens,GABPB1,2553.0,Homo sapiens,PAR-CLIP,Functional MTI (Weak),23592263
141101,MIRT478473,hsa-miR-6807-5p,Homo sapiens,CYP20A1,57404.0,Homo sapiens,PAR-CLIP,Functional MTI (Weak),20371350
141102,MIRT478473,hsa-miR-6807-5p,Homo sapiens,CYP20A1,57404.0,Homo sapiens,PAR-CLIP,Functional MTI (Weak),23446348
141103,MIRT478473,hsa-miR-6807-5p,Homo sapiens,CYP20A1,57404.0,Homo sapiens,PAR-CLIP,Functional MTI (Weak),23592263
141588,MIRT478836,hsa-miR-6807-5p,Homo sapiens,CRISPLD2,83716.0,Homo sapiens,PAR-CLIP,Functional MTI (Weak),23446348
141589,MIRT478836,hsa-miR-6807-5p,Homo sapiens,CRISPLD2,83716.0,Homo sapiens,PAR-CLIP,Functional MTI (Weak),23592263
141733,MIRT478930,hsa-miR-6807-5p,Homo sapiens,CPA4,51200.0,Homo sapiens,PAR-CLIP,Functional MTI (Weak),23592263
142300,MIRT479255,hsa-miR-6807-5p,Homo sapiens,CHSY1,22856.0,Homo sapiens,PAR-CLIP,Functional MTI (Weak),23592263
146943,MIRT482173,hsa-miR-6807-5p,Homo sapiens,AHR,196.0,Homo sapiens,PAR-CLIP,Functional MTI (Weak),23592263
147372,MIRT482413,hsa-miR-6807-5p,Homo sapiens,ADORA2B,136.0,Homo sapiens,PAR-CLIP,Functional MTI (Weak),23592263
148184,MIRT482889,hsa-miR-6807-5p,Homo sapiens,IAH1,285148.0,Homo sapiens,PAR-CLIP,Functional MTI (Weak),20371350
148185,MIRT482889,hsa-miR-6807-5p,Homo sapiens,IAH1,285148.0,Homo sapiens,PAR-CLIP,Functional MTI (Weak),23592263
157959,MIRT488449,hsa-miR-6807-3p,Homo sapiens,ACBD3,64746.0,Homo sapiens,PAR-CLIP,Functional MTI (Weak),23592263
160280,MIRT489905,hsa-miR-6807-5p,Homo sapiens,LRG1,116844.0,Homo sapiens,PAR-CLIP,Functional MTI (Weak),23592263
163077,MIRT491947,hsa-miR-6807-5p,Homo sapiens,VPS52,6293.0,Homo sapiens,PAR-CLIP,Functional MTI (Weak),23592263
167537,MIRT494963,hsa-miR-6807-5p,Homo sapiens,USP46,64854.0,Homo sapiens,PAR-CLIP,Functional MTI (Weak),23708386
167575,MIRT495001,hsa-miR-6807-5p,Homo sapiens,ULK2,9706.0,Homo sapiens,PAR-CLIP,Functional MTI (Weak),23708386
167686,MIRT495081,hsa-miR-6807-5p,Homo sapiens,IGSF3,3321.0,Homo sapiens,PAR-CLIP,Functional MTI (Weak),23708386
167698,MIRT495091,hsa-miR-6807-5p,Homo sapiens,SYN3,8224.0,Homo sapiens,PAR-CLIP,Functional MTI (Weak),23708386
169307,MIRT496573,hsa-miR-6807-5p,Homo sapiens,KIF18B,146909.0,Homo sapiens,PAR-CLIP,Functional MTI (Weak),22291592
169365,MIRT496631,hsa-miR-6807-3p,Homo sapiens,TMEM67,91147.0,Homo sapiens,PAR-CLIP,Functional MTI (Weak),22291592
169412,MIRT496686,hsa-miR-6807-5p,Homo sapiens,KREMEN1,83999.0,Homo sapiens,PAR-CLIP,Functional MTI (Weak),22291592
169419,MIRT496693,hsa-miR-6807-5p,Homo sapiens,RGS11,8786.0,Homo sapiens,PAR-CLIP,Functional MTI (Weak),22291592
169534,MIRT496805,hsa-miR-6807-5p,Homo sapiens,SLC16A10,117247.0,Homo sapiens,PAR-CLIP,Functional MTI (Weak),22291592
169662,MIRT496932,hsa-miR-6807-5p,Homo sapiens,CAMK4,814.0,Homo sapiens,PAR-CLIP,Functional MTI (Weak),22291592
171134,MIRT498234,hsa-miR-6807-5p,Homo sapiens,ARHGAP15,55843.0,Homo sapiens,PAR-CLIP,Functional MTI (Weak),22291592
180343,MIRT502217,hsa-miR-6807-3p,Homo sapiens,HSPA4L,22824.0,Homo sapiens,PAR-CLIP,Functional MTI (Weak),21572407
180344,MIRT502217,hsa-miR-6807-3p,Homo sapiens,HSPA4L,22824.0,Homo sapiens,PAR-CLIP,Functional MTI (Weak),24398324
187703,MIRT505420,hsa-miR-6807-3p,Homo sapiens,TCF7L2,6934.0,Homo sapiens,PAR-CLIP,Functional MTI (Weak),21572407
187704,MIRT505420,hsa-miR-6807-3p,Homo sapiens,TCF7L2,6934.0,Homo sapiens,PAR-CLIP,Functional MTI (Weak),23446348
194439,MIRT508421,hsa-miR-6807-5p,Homo sapiens,SFTPB,6439.0,Homo sapiens,PAR-CLIP,Functional MTI (Weak),23446348
194445,MIRT508427,hsa-miR-6807-3p,Homo sapiens,SFTPB,6439.0,Homo sapiens,PAR-CLIP,Functional MTI (Weak),23446348
194687,MIRT508550,hsa-miR-6807-5p,Homo sapiens,CEP72,55722.0,Homo sapiens,PAR-CLIP,Functional MTI (Weak),20371350
194688,MIRT508550,hsa-miR-6807-5p,Homo sapiens,CEP72,55722.0,Homo sapiens,PAR-CLIP,Functional MTI (Weak),23446348
194791,MIRT508590,hsa-miR-6807-5p,Homo sapiens,BLOC1S3,388552.0,Homo sapiens,PAR-CLIP,Functional MTI (Weak),20371350
194792,MIRT508590,hsa-miR-6807-5p,Homo sapiens,BLOC1S3,388552.0,Homo sapiens,PAR-CLIP,Functional MTI (Weak),21572407
194793,MIRT508590,hsa-miR-6807-5p,Homo sapiens,BLOC1S3,388552.0,Homo sapiens,PAR-CLIP,Functional MTI (Weak),23446348
195108,MIRT508719,hsa-miR-6807-5p,Homo sapiens,ZNF682,91120.0,Homo sapiens,PAR-CLIP,Functional MTI (Weak),23446348
195186,MIRT508757,hsa-miR-6807-5p,Homo sapiens,IPP,3652.0,Homo sapiens,PAR-CLIP,Functional MTI (Weak),23446348
195603,MIRT509004,hsa-miR-6807-5p,Homo sapiens,FBXO6,26270.0,Homo sapiens,PAR-CLIP,Functional MTI (Weak),23446348
195694,MIRT509059,hsa-miR-6807-5p,Homo sapiens,PRPF4,9128.0,Homo sapiens,PAR-CLIP,Functional MTI (Weak),20371350
195695,MIRT509059,hsa-miR-6807-5p,Homo sapiens,PRPF4,9128.0,Homo sapiens,PAR-CLIP,Functional MTI (Weak),23446348
195708,MIRT509067,hsa-miR-6807-5p,Homo sapiens,MED18,54797.0,Homo sapiens,PAR-CLIP,Functional MTI (Weak),23446348
195746,MIRT509083,hsa-miR-6807-5p,Homo sapiens,SLC2A8,29988.0,Homo sapiens,PAR-CLIP,Functional MTI (Weak),23446348
195786,MIRT509104,hsa-miR-6807-5p,Homo sapiens,BMP8B,656.0,Homo sapiens,PAR-CLIP,Functional MTI (Weak),20371350
195787,MIRT509104,hsa-miR-6807-5p,Homo sapiens,BMP8B,656.0,Homo sapiens,PAR-CLIP,Functional MTI (Weak),21572407
195788,MIRT509104,hsa-miR-6807-5p,Homo sapiens,BMP8B,656.0,Homo sapiens,PAR-CLIP,Functional MTI (Weak),23446348
196313,MIRT509306,hsa-miR-6807-5p,Homo sapiens,ZNF460,10794.0,Homo sapiens,PAR-CLIP,Functional MTI (Weak),20371350
196314,MIRT509306,hsa-miR-6807-5p,Homo sapiens,ZNF460,10794.0,Homo sapiens,PAR-CLIP,Functional MTI (Weak),21572407
196315,MIRT509306,hsa-miR-6807-5p,Homo sapiens,ZNF460,10794.0,Homo sapiens,PAR-CLIP,Functional MTI (Weak),23446348
196339,MIRT509329,hsa-miR-6807-5p,Homo sapiens,MS4A4A,51338.0,Homo sapiens,PAR-CLIP,Functional MTI (Weak),23446348
196419,MIRT509369,hsa-miR-6807-5p,Homo sapiens,FGD6,55785.0,Homo sapiens,PAR-CLIP,Functional MTI (Weak),20371350
196420,MIRT509369,hsa-miR-6807-5p,Homo sapiens,FGD6,55785.0,Homo sapiens,PAR-CLIP,Functional MTI (Weak),23446348
196440,MIRT509379,hsa-miR-6807-5p,Homo sapiens,ASH2L,9070.0,Homo sapiens,PAR-CLIP,Functional MTI (Weak),20371350
196441,MIRT509379,hsa-miR-6807-5p,Homo sapiens,ASH2L,9070.0,Homo sapiens,PAR-CLIP,Functional MTI (Weak),21572407
196442,MIRT509379,hsa-miR-6807-5p,Homo sapiens,ASH2L,9070.0,Homo sapiens,PAR-CLIP,Functional MTI (Weak),23446348
196479,MIRT509392,hsa-miR-6807-5p,Homo sapiens,TRIM24,8805.0,Homo sapiens,PAR-CLIP,Functional MTI (Weak),23446348
197411,MIRT509760,hsa-miR-6807-5p,Homo sapiens,NCAPD2,9918.0,Homo sapiens,PAR-CLIP,Functional MTI (Weak),23446348
197724,MIRT509906,hsa-miR-6807-5p,Homo sapiens,NIPAL1,152519.0,Homo sapiens,PAR-CLIP,Functional MTI (Weak),23446348
197865,MIRT509973,hsa-miR-6807-5p,Homo sapiens,KCNMB1,3779.0,Homo sapiens,PAR-CLIP,Functional MTI (Weak),20371350
197866,MIRT509973,hsa-miR-6807-5p,Homo sapiens,KCNMB1,3779.0,Homo sapiens,PAR-CLIP,Functional MTI (Weak),23446348
198418,MIRT510175,hsa-miR-6807-5p,Homo sapiens,BCL2L2,599.0,Homo sapiens,PAR-CLIP,Functional MTI (Weak),23446348
200993,MIRT511233,hsa-miR-6807-5p,Homo sapiens,KPNA1,3836.0,Homo sapiens,PAR-CLIP,Functional MTI (Weak),23446348
201270,MIRT511373,hsa-miR-6807-5p,Homo sapiens,IKZF3,22806.0,Homo sapiens,PAR-CLIP,Functional MTI (Weak),23446348
201271,MIRT511373,hsa-miR-6807-5p,Homo sapiens,IKZF3,22806.0,Homo sapiens,HITS-CLIP,Functional MTI (Weak),23706177
201636,MIRT511529,hsa-miR-6807-5p,Homo sapiens,HMGB1,3146.0,Homo sapiens,PAR-CLIP,Functional MTI (Weak),21572407
201637,MIRT511529,hsa-miR-6807-5p,Homo sapiens,HMGB1,3146.0,Homo sapiens,PAR-CLIP,Functional MTI (Weak),23446348
202956,MIRT512138,hsa-miR-6807-5p,Homo sapiens,COX6B1,1340.0,Homo sapiens,PAR-CLIP,Functional MTI (Weak),20371350
202957,MIRT512138,hsa-miR-6807-5p,Homo sapiens,COX6B1,1340.0,Homo sapiens,PAR-CLIP,Functional MTI (Weak),23446348
203065,MIRT512188,hsa-miR-6807-5p,Homo sapiens,C1orf50,79078.0,Homo sapiens,PAR-CLIP,Functional MTI (Weak),23446348
204206,MIRT512825,hsa-miR-6807-5p,Homo sapiens,KBTBD6,89890.0,Homo sapiens,PAR-CLIP,Functional MTI (Weak),22012620
204207,MIRT512825,hsa-miR-6807-5p,Homo sapiens,KBTBD6,89890.0,Homo sapiens,PAR-CLIP,Functional MTI (Weak),23446348
204683,MIRT513124,hsa-miR-6807-3p,Homo sapiens,OSBPL3,26031.0,Homo sapiens,PAR-CLIP,Functional MTI (Weak),23446348
204828,MIRT513234,hsa-miR-6807-5p,Homo sapiens,FBXO41,150726.0,Homo sapiens,PAR-CLIP,Functional MTI (Weak),20371350
204829,MIRT513234,hsa-miR-6807-5p,Homo sapiens,FBXO41,150726.0,Homo sapiens,PAR-CLIP,Functional MTI (Weak),22012620
204830,MIRT513234,hsa-miR-6807-5p,Homo sapiens,FBXO41,150726.0,Homo sapiens,PAR-CLIP,Functional MTI (Weak),23446348
206376,MIRT514108,hsa-miR-6807-5p,Homo sapiens,SERF2,10169.0,Homo sapiens,PAR-CLIP,Functional MTI (Weak),23446348
206533,MIRT514224,hsa-miR-6807-5p,Homo sapiens,ZNF730,100129543.0,Homo sapiens,PAR-CLIP,Functional MTI (Weak),23446348
206834,MIRT514378,hsa-miR-6807-5p,Homo sapiens,CLUAP1,23059.0,Homo sapiens,PAR-CLIP,Functional MTI (Weak),23446348
206971,MIRT514459,hsa-miR-6807-5p,Homo sapiens,FANCA,2175.0,Homo sapiens,HITS-CLIP,Functional MTI (Weak),23313552
206972,MIRT514459,hsa-miR-6807-5p,Homo sapiens,FANCA,2175.0,Homo sapiens,PAR-CLIP,Functional MTI (Weak),23446348
207075,MIRT514531,hsa-miR-6807-5p,Homo sapiens,ESR2,2100.0,Homo sapiens,PAR-CLIP,Functional MTI (Weak),23446348
207121,MIRT514566,hsa-miR-6807-5p,Homo sapiens,CPM,1368.0,Homo sapiens,PAR-CLIP,Functional MTI (Weak),23446348
207244,MIRT514664,hsa-miR-6807-5p,Homo sapiens,EFCAB5,374786.0,Homo sapiens,PAR-CLIP,Functional MTI (Weak),23446348
207360,MIRT514724,hsa-miR-6807-5p,Homo sapiens,EIF3F,8665.0,Homo sapiens,PAR-CLIP,Functional MTI (Weak),23446348
207426,MIRT514757,hsa-miR-6807-5p,Homo sapiens,RBM4B,83759.0,Homo sapiens,PAR-CLIP,Functional MTI (Weak),23446348
207507,MIRT514822,hsa-miR-6807-5p,Homo sapiens,C5orf45,51149.0,Homo sapiens,PAR-CLIP,Functional MTI (Weak),23446348
207596,MIRT514886,hsa-miR-6807-5p,Homo sapiens,RAB3IP,117177.0,Homo sapiens,PAR-CLIP,Functional MTI (Weak),23446348
207603,MIRT514893,hsa-miR-6807-5p,Homo sapiens,RPL23,9349.0,Homo sapiens,PAR-CLIP,Functional MTI (Weak),23446348
207681,MIRT514945,hsa-miR-6807-5p,Homo sapiens,CD36,948.0,Homo sapiens,PAR-CLIP,Functional MTI (Weak),23446348
207691,MIRT514955,hsa-miR-6807-5p,Homo sapiens,SIGLEC11,114132.0,Homo sapiens,PAR-CLIP,Functional MTI (Weak),23446348
207692,MIRT514955,hsa-miR-6807-5p,Homo sapiens,SIGLEC11,114132.0,Homo sapiens,HITS-CLIP,Functional MTI (Weak),23824327
207724,MIRT514976,hsa-miR-6807-5p,Homo sapiens,CCBE1,147372.0,Homo sapiens,PAR-CLIP,Functional MTI (Weak),23446348
207816,MIRT515048,hsa-miR-6807-5p,Homo sapiens,EBNA1BP2,10969.0,Homo sapiens,PAR-CLIP,Functional MTI (Weak),23446348
207841,MIRT515073,hsa-miR-6807-5p,Homo sapiens,CEP78,84131.0,Homo sapiens,PAR-CLIP,Functional MTI (Weak),23446348
207914,MIRT515128,hsa-miR-6807-5p,Homo sapiens,ZNF799,90576.0,Homo sapiens,PAR-CLIP,Functional MTI (Weak),21572407
207915,MIRT515128,hsa-miR-6807-5p,Homo sapiens,ZNF799,90576.0,Homo sapiens,PAR-CLIP,Functional MTI (Weak),23446348
208256,MIRT515350,hsa-miR-6807-5p,Homo sapiens,TRPM1,4308.0,Homo sapiens,PAR-CLIP,Functional MTI (Weak),23446348
208262,MIRT515356,hsa-miR-6807-5p,Homo sapiens,MRPL52,122704.0,Homo sapiens,PAR-CLIP,Functional MTI (Weak),23446348
208405,MIRT515425,hsa-miR-6807-5p,Homo sapiens,VDR,7421.0,Homo sapiens,PAR-CLIP,Functional MTI (Weak),23446348
208521,MIRT515520,hsa-miR-6807-5p,Homo sapiens,QRFPR,84109.0,Homo sapiens,PAR-CLIP,Functional MTI (Weak),23446348
208567,MIRT515551,hsa-miR-6807-5p,Homo sapiens,TMEM134,80194.0,Homo sapiens,PAR-CLIP,Functional MTI (Weak),23446348
208654,MIRT515613,hsa-miR-6807-5p,Homo sapiens,ISY1,57461.0,Homo sapiens,PAR-CLIP,Functional MTI (Weak),23446348
208716,MIRT515663,hsa-miR-6807-5p,Homo sapiens,LRRC27,80313.0,Homo sapiens,PAR-CLIP,Functional MTI (Weak),23446348
208872,MIRT515786,hsa-miR-6807-5p,Homo sapiens,COL4A3BP,10087.0,Homo sapiens,PAR-CLIP,Functional MTI (Weak),23446348
208914,MIRT515827,hsa-miR-6807-5p,Homo sapiens,MCM8,84515.0,Homo sapiens,PAR-CLIP,Functional MTI (Weak),21572407
208915,MIRT515827,hsa-miR-6807-5p,Homo sapiens,MCM8,84515.0,Homo sapiens,PAR-CLIP,Functional MTI (Weak),23446348
209094,MIRT515931,hsa-miR-6807-5p,Homo sapiens,NINJ1,4814.0,Homo sapiens,PAR-CLIP,Functional MTI (Weak),23446348
209176,MIRT515986,hsa-miR-6807-5p,Homo sapiens,SLC30A2,7780.0,Homo sapiens,PAR-CLIP,Functional MTI (Weak),23446348
209260,MIRT516065,hsa-miR-6807-5p,Homo sapiens,RAB42,115273.0,Homo sapiens,PAR-CLIP,Functional MTI (Weak),23446348
209261,MIRT516065,hsa-miR-6807-5p,Homo sapiens,RAB42,115273.0,Homo sapiens,HITS-CLIP,Functional MTI (Weak),23706177
209434,MIRT516152,hsa-miR-6807-5p,Homo sapiens,COMTD1,118881.0,Homo sapiens,PAR-CLIP,Functional MTI (Weak),23446348
209462,MIRT516176,hsa-miR-6807-5p,Homo sapiens,POLR3A,11128.0,Homo sapiens,PAR-CLIP,Functional MTI (Weak),21572407
209463,MIRT516176,hsa-miR-6807-5p,Homo sapiens,POLR3A,11128.0,Homo sapiens,PAR-CLIP,Functional MTI (Weak),23446348
209484,MIRT516187,hsa-miR-6807-5p,Homo sapiens,TAL1,6886.0,Homo sapiens,PAR-CLIP,Functional MTI (Weak),20371350
209485,MIRT516187,hsa-miR-6807-5p,Homo sapiens,TAL1,6886.0,Homo sapiens,PAR-CLIP,Functional MTI (Weak),23446348
209803,MIRT516388,hsa-miR-6807-5p,Homo sapiens,NPR1,4881.0,Homo sapiens,PAR-CLIP,Functional MTI (Weak),23446348
210039,MIRT516524,hsa-miR-6807-5p,Homo sapiens,MIXL1,83881.0,Homo sapiens,PAR-CLIP,Functional MTI (Weak),23446348
210093,MIRT516571,hsa-miR-6807-5p,Homo sapiens,SNAP47,116841.0,Homo sapiens,PAR-CLIP,Functional MTI (Weak),23446348
210102,MIRT516580,hsa-miR-6807-5p,Homo sapiens,SPHAR,10638.0,Homo sapiens,PAR-CLIP,Functional MTI (Weak),23446348
210132,MIRT516602,hsa-miR-6807-5p,Homo sapiens,TRIM58,25893.0,Homo sapiens,HITS-CLIP,Functional MTI (Weak),23313552
210133,MIRT516602,hsa-miR-6807-5p,Homo sapiens,TRIM58,25893.0,Homo sapiens,PAR-CLIP,Functional MTI (Weak),23446348
210163,MIRT516627,hsa-miR-6807-5p,Homo sapiens,ZNF277,11179.0,Homo sapiens,PAR-CLIP,Functional MTI (Weak),20371350
210164,MIRT516627,hsa-miR-6807-5p,Homo sapiens,ZNF277,11179.0,Homo sapiens,PAR-CLIP,Functional MTI (Weak),23446348
210366,MIRT516764,hsa-miR-6807-5p,Homo sapiens,FAM212B,55924.0,Homo sapiens,HITS-CLIP,Functional MTI (Weak),21572407
210367,MIRT516764,hsa-miR-6807-5p,Homo sapiens,FAM212B,55924.0,Homo sapiens,PAR-CLIP,Functional MTI (Weak),23446348
210623,MIRT516947,hsa-miR-6807-5p,Homo sapiens,SLC35F6,54978.0,Homo sapiens,PAR-CLIP,Functional MTI (Weak),23446348
210667,MIRT516986,hsa-miR-6807-5p,Homo sapiens,COX19,90639.0,Homo sapiens,PAR-CLIP,Functional MTI (Weak),23446348
210718,MIRT517029,hsa-miR-6807-5p,Homo sapiens,RNF222,643904.0,Homo sapiens,PAR-CLIP,Functional MTI (Weak),23446348
210760,MIRT517048,hsa-miR-6807-5p,Homo sapiens,TLDC1,57707.0,Homo sapiens,PAR-CLIP,Functional MTI (Weak),23446348
210811,MIRT517092,hsa-miR-6807-5p,Homo sapiens,CCDC30,728621.0,Homo sapiens,PAR-CLIP,Functional MTI (Weak),23446348
210858,MIRT517132,hsa-miR-6807-5p,Homo sapiens,KCTD21,283219.0,Homo sapiens,PAR-CLIP,Functional MTI (Weak),23446348
210897,MIRT517159,hsa-miR-6807-5p,Homo sapiens,SLC28A1,9154.0,Homo sapiens,PAR-CLIP,Functional MTI (Weak),23446348
210988,MIRT517231,hsa-miR-6807-5p,Homo sapiens,PRIM1,5557.0,Homo sapiens,PAR-CLIP,Functional MTI (Weak),23446348
211288,MIRT517404,hsa-miR-6807-5p,Homo sapiens,BMP8A,353500.0,Homo sapiens,PAR-CLIP,Functional MTI (Weak),23446348
211597,MIRT517571,hsa-miR-6807-5p,Homo sapiens,RAB11FIP4,84440.0,Homo sapiens,PAR-CLIP,Functional MTI (Weak),23446348
211635,MIRT517598,hsa-miR-6807-5p,Homo sapiens,SAV1,60485.0,Homo sapiens,PAR-CLIP,Functional MTI (Weak),23446348
211667,MIRT517627,hsa-miR-6807-5p,Homo sapiens,ZNF491,126069.0,Homo sapiens,PAR-CLIP,Functional MTI (Weak),23446348
211738,MIRT517682,hsa-miR-6807-5p,Homo sapiens,FAM175A,84142.0,Homo sapiens,PAR-CLIP,Functional MTI (Weak),23446348
211772,MIRT517712,hsa-miR-6807-5p,Homo sapiens,KIF1C,10749.0,Homo sapiens,PAR-CLIP,Functional MTI (Weak),23446348
211802,MIRT517732,hsa-miR-6807-5p,Homo sapiens,C1orf220,400798.0,Homo sapiens,PAR-CLIP,Functional MTI (Weak),23446348
211815,MIRT517743,hsa-miR-6807-5p,Homo sapiens,DIS3L,115752.0,Homo sapiens,PAR-CLIP,Functional MTI (Weak),21572407
211816,MIRT517743,hsa-miR-6807-5p,Homo sapiens,DIS3L,115752.0,Homo sapiens,PAR-CLIP,Functional MTI (Weak),23446348
211863,MIRT517769,hsa-miR-6807-5p,Homo sapiens,PROM2,150696.0,Homo sapiens,PAR-CLIP,Functional MTI (Weak),23446348
211983,MIRT517828,hsa-miR-6807-5p,Homo sapiens,CLK4,57396.0,Homo sapiens,PAR-CLIP,Functional MTI (Weak),23446348
212085,MIRT517900,hsa-miR-6807-5p,Homo sapiens,ANKRD62,342850.0,Homo sapiens,PAR-CLIP,Functional MTI (Weak),23446348
212121,MIRT517924,hsa-miR-6807-5p,Homo sapiens,IMPA1,3612.0,Homo sapiens,PAR-CLIP,Functional MTI (Weak),23446348
212210,MIRT517991,hsa-miR-6807-5p,Homo sapiens,SLC16A13,201232.0,Homo sapiens,PAR-CLIP,Functional MTI (Weak),23446348
212268,MIRT518031,hsa-miR-6807-5p,Homo sapiens,ABHD15,116236.0,Homo sapiens,PAR-CLIP,Functional MTI (Weak),23446348
212275,MIRT518036,hsa-miR-6807-5p,Homo sapiens,COG7,91949.0,Homo sapiens,PAR-CLIP,Functional MTI (Weak),23446348
212284,MIRT518044,hsa-miR-6807-5p,Homo sapiens,LSM3,27258.0,Homo sapiens,PAR-CLIP,Functional MTI (Weak),23446348
212285,MIRT518044,hsa-miR-6807-5p,Homo sapiens,LSM3,27258.0,Homo sapiens,HITS-CLIP,Functional MTI (Weak),23824327
212308,MIRT518057,hsa-miR-6807-5p,Homo sapiens,CEP89,84902.0,Homo sapiens,PAR-CLIP,Functional MTI (Weak),23446348
212458,MIRT518147,hsa-miR-6807-5p,Homo sapiens,ZNF565,147929.0,Homo sapiens,PAR-CLIP,Functional MTI (Weak),23446348
212490,MIRT518177,hsa-miR-6807-5p,Homo sapiens,ZNF526,116115.0,Homo sapiens,PAR-CLIP,Functional MTI (Weak),23446348
212538,MIRT518222,hsa-miR-6807-5p,Homo sapiens,C7orf55,154791.0,Homo sapiens,PAR-CLIP,Functional MTI (Weak),23446348
212625,MIRT518278,hsa-miR-6807-5p,Homo sapiens,SMIM14,201895.0,Homo sapiens,PAR-CLIP,Functional MTI (Weak),23446348
212634,MIRT518287,hsa-miR-6807-5p,Homo sapiens,ZNF514,84874.0,Homo sapiens,PAR-CLIP,Functional MTI (Weak),21572407
212635,MIRT518287,hsa-miR-6807-5p,Homo sapiens,ZNF514,84874.0,Homo sapiens,PAR-CLIP,Functional MTI (Weak),23446348
212701,MIRT518322,hsa-miR-6807-5p,Homo sapiens,WDR92,116143.0,Homo sapiens,PAR-CLIP,Functional MTI (Weak),23446348
212710,MIRT518331,hsa-miR-6807-5p,Homo sapiens,ZNF563,147837.0,Homo sapiens,PAR-CLIP,Functional MTI (Weak),23446348
213122,MIRT518619,hsa-miR-6807-5p,Homo sapiens,STAR,6770.0,Homo sapiens,PAR-CLIP,Functional MTI (Weak),23446348
213315,MIRT518771,hsa-miR-6807-5p,Homo sapiens,ZFP14,57677.0,Homo sapiens,PAR-CLIP,Functional MTI (Weak),23446348
213325,MIRT518780,hsa-miR-6807-5p,Homo sapiens,MED16,10025.0,Homo sapiens,PAR-CLIP,Functional MTI (Weak),21572407
213326,MIRT518780,hsa-miR-6807-5p,Homo sapiens,MED16,10025.0,Homo sapiens,PAR-CLIP,Functional MTI (Weak),23446348
213404,MIRT518819,hsa-miR-6807-5p,Homo sapiens,FN3KRP,79672.0,Homo sapiens,PAR-CLIP,Functional MTI (Weak),20371350
213405,MIRT518819,hsa-miR-6807-5p,Homo sapiens,FN3KRP,79672.0,Homo sapiens,PAR-CLIP,Functional MTI (Weak),21572407
213406,MIRT518819,hsa-miR-6807-5p,Homo sapiens,FN3KRP,79672.0,Homo sapiens,PAR-CLIP,Functional MTI (Weak),23446348
213430,MIRT518830,hsa-miR-6807-5p,Homo sapiens,NEK8,284086.0,Homo sapiens,PAR-CLIP,Functional MTI (Weak),23446348
213468,MIRT518868,hsa-miR-6807-5p,Homo sapiens,NKD1,85407.0,Homo sapiens,PAR-CLIP,Functional MTI (Weak),23446348
213558,MIRT518950,hsa-miR-6807-5p,Homo sapiens,GRK7,131890.0,Homo sapiens,PAR-CLIP,Functional MTI (Weak),23446348
213665,MIRT519018,hsa-miR-6807-5p,Homo sapiens,PAICS,10606.0,Homo sapiens,PAR-CLIP,Functional MTI (Weak),23446348
213710,MIRT519041,hsa-miR-6807-5p,Homo sapiens,ABCB11,8647.0,Homo sapiens,PAR-CLIP,Functional MTI (Weak),23446348
213723,MIRT519054,hsa-miR-6807-5p,Homo sapiens,KCNK6,9424.0,Homo sapiens,PAR-CLIP,Functional MTI (Weak),23446348
213800,MIRT519120,hsa-miR-6807-5p,Homo sapiens,GNB5,10681.0,Homo sapiens,PAR-CLIP,Functional MTI (Weak),23446348
213830,MIRT519139,hsa-miR-6807-5p,Homo sapiens,C2orf49,79074.0,Homo sapiens,PAR-CLIP,Functional MTI (Weak),23446348
213918,MIRT519198,hsa-miR-6807-5p,Homo sapiens,F2RL3,9002.0,Homo sapiens,PAR-CLIP,Functional MTI (Weak),23446348
213944,MIRT519219,hsa-miR-6807-5p,Homo sapiens,PYCARD,29108.0,Homo sapiens,PAR-CLIP,Functional MTI (Weak),23446348
213976,MIRT519248,hsa-miR-6807-5p,Homo sapiens,PLA2G12A,81579.0,Homo sapiens,PAR-CLIP,Functional MTI (Weak),23446348
214037,MIRT519307,hsa-miR-6807-5p,Homo sapiens,FIG4,9896.0,Homo sapiens,PAR-CLIP,Functional MTI (Weak),23446348
214118,MIRT519364,hsa-miR-6807-5p,Homo sapiens,RBM28,55131.0,Homo sapiens,PAR-CLIP,Functional MTI (Weak),23446348
214179,MIRT519405,hsa-miR-6807-5p,Homo sapiens,KCNA7,3743.0,Homo sapiens,PAR-CLIP,Functional MTI (Weak),21572407
214180,MIRT519405,hsa-miR-6807-5p,Homo sapiens,KCNA7,3743.0,Homo sapiens,PAR-CLIP,Functional MTI (Weak),23446348
214352,MIRT519529,hsa-miR-6807-5p,Homo sapiens,TMEM38A,79041.0,Homo sapiens,PAR-CLIP,Functional MTI (Weak),23446348
214375,MIRT519552,hsa-miR-6807-5p,Homo sapiens,AQR,9716.0,Homo sapiens,PAR-CLIP,Functional MTI (Weak),23446348
214455,MIRT519603,hsa-miR-6807-5p,Homo sapiens,ZNF791,163049.0,Homo sapiens,PAR-CLIP,Functional MTI (Weak),23446348
214710,MIRT519755,hsa-miR-6807-5p,Homo sapiens,ZNF354B,117608.0,Homo sapiens,PAR-CLIP,Functional MTI (Weak),23446348
215392,MIRT520117,hsa-miR-6807-5p,Homo sapiens,XIAP,331.0,Homo sapiens,PAR-CLIP,Functional MTI (Weak),23446348
215725,MIRT520361,hsa-miR-6807-5p,Homo sapiens,UBE2G2,7327.0,Homo sapiens,PAR-CLIP,Functional MTI (Weak),23446348
215785,MIRT520394,hsa-miR-6807-5p,Homo sapiens,TYRO3,7301.0,Homo sapiens,PAR-CLIP,Functional MTI (Weak),23446348
215848,MIRT520431,hsa-miR-6807-5p,Homo sapiens,TTLL12,23170.0,Homo sapiens,PAR-CLIP,Functional MTI (Weak),23446348
216099,MIRT520552,hsa-miR-6807-5p,Homo sapiens,TNRC6B,23112.0,Homo sapiens,PAR-CLIP,Functional MTI (Weak),23446348
216120,MIRT520573,hsa-miR-6807-5p,Homo sapiens,TMEM59,9528.0,Homo sapiens,PAR-CLIP,Functional MTI (Weak),23446348
216310,MIRT520704,hsa-miR-6807-5p,Homo sapiens,TMCO1,54499.0,Homo sapiens,PAR-CLIP,Functional MTI (Weak),23446348
216469,MIRT520771,hsa-miR-6807-5p,Homo sapiens,TCF23,150921.0,Homo sapiens,PAR-CLIP,Functional MTI (Weak),23446348
216491,MIRT520789,hsa-miR-6807-5p,Homo sapiens,TBRG1,84897.0,Homo sapiens,PAR-CLIP,Functional MTI (Weak),23446348
216513,MIRT520802,hsa-miR-6807-5p,Homo sapiens,TAOK1,57551.0,Homo sapiens,PAR-CLIP,Functional MTI (Weak),23446348
216801,MIRT521021,hsa-miR-6807-5p,Homo sapiens,SLC30A5,64924.0,Homo sapiens,PAR-CLIP,Functional MTI (Weak),23446348
216908,MIRT521074,hsa-miR-6807-5p,Homo sapiens,SLC25A15,10166.0,Homo sapiens,PAR-CLIP,Functional MTI (Weak),23446348
216939,MIRT521098,hsa-miR-6807-5p,Homo sapiens,SLC1A5,6510.0,Homo sapiens,PAR-CLIP,Functional MTI (Weak),23446348
217034,MIRT521161,hsa-miR-6807-5p,Homo sapiens,SDHAF1,644096.0,Homo sapiens,PAR-CLIP,Functional MTI (Weak),23446348
217124,MIRT521211,hsa-miR-6807-5p,Homo sapiens,SBNO1,55206.0,Homo sapiens,PAR-CLIP,Functional MTI (Weak),23446348
217338,MIRT521352,hsa-miR-6807-5p,Homo sapiens,RPL35A,6165.0,Homo sapiens,PAR-CLIP,Functional MTI (Weak),23446348
217526,MIRT521473,hsa-miR-6807-5p,Homo sapiens,RAB9A,9367.0,Homo sapiens,PAR-CLIP,Functional MTI (Weak),23446348
217532,MIRT521479,hsa-miR-6807-5p,Homo sapiens,RAB4A,5867.0,Homo sapiens,PAR-CLIP,Functional MTI (Weak),23446348
217550,MIRT521497,hsa-miR-6807-5p,Homo sapiens,RAB11B,9230.0,Homo sapiens,PAR-CLIP,Functional MTI (Weak),23446348
217551,MIRT521498,hsa-miR-6807-3p,Homo sapiens,RAB11B,9230.0,Homo sapiens,PAR-CLIP,Functional MTI (Weak),23446348
217577,MIRT521524,hsa-miR-6807-5p,Homo sapiens,QSOX1,5768.0,Homo sapiens,PAR-CLIP,Functional MTI (Weak),23446348
217728,MIRT521607,hsa-miR-6807-5p,Homo sapiens,PSD4,23550.0,Homo sapiens,PAR-CLIP,Functional MTI (Weak),23446348
218314,MIRT521906,hsa-miR-6807-5p,Homo sapiens,PHLDA3,23612.0,Homo sapiens,PAR-CLIP,Functional MTI (Weak),23446348
218798,MIRT522146,hsa-miR-6807-5p,Homo sapiens,NR2F6,2063.0,Homo sapiens,PAR-CLIP,Functional MTI (Weak),21572407
218799,MIRT522146,hsa-miR-6807-5p,Homo sapiens,NR2F6,2063.0,Homo sapiens,PAR-CLIP,Functional MTI (Weak),23446348
219008,MIRT522249,hsa-miR-6807-5p,Homo sapiens,NPEPPS,9520.0,Homo sapiens,PAR-CLIP,Functional MTI (Weak),23446348
219055,MIRT522296,hsa-miR-6807-5p,Homo sapiens,NKAP,79576.0,Homo sapiens,PAR-CLIP,Functional MTI (Weak),20371350
219056,MIRT522296,hsa-miR-6807-5p,Homo sapiens,NKAP,79576.0,Homo sapiens,PAR-CLIP,Functional MTI (Weak),23446348
219385,MIRT522467,hsa-miR-6807-5p,Homo sapiens,ZAK,51776.0,Homo sapiens,PAR-CLIP,Functional MTI (Weak),23446348
219414,MIRT522484,hsa-miR-6807-5p,Homo sapiens,MFSD9,84804.0,Homo sapiens,PAR-CLIP,Functional MTI (Weak),23446348
219812,MIRT522694,hsa-miR-6807-5p,Homo sapiens,LSM11,134353.0,Homo sapiens,PAR-CLIP,Functional MTI (Weak),23446348
219950,MIRT522754,hsa-miR-6807-5p,Homo sapiens,LMTK2,22853.0,Homo sapiens,PAR-CLIP,Functional MTI (Weak),23446348
220204,MIRT522882,hsa-miR-6807-5p,Homo sapiens,KDELR1,10945.0,Homo sapiens,PAR-CLIP//HITS-CLIP,Functional MTI (Weak),21572407
220205,MIRT522882,hsa-miR-6807-5p,Homo sapiens,KDELR1,10945.0,Homo sapiens,PAR-CLIP,Functional MTI (Weak),23446348
220255,MIRT522905,hsa-miR-6807-5p,Homo sapiens,KCNE3,10008.0,Homo sapiens,PAR-CLIP,Functional MTI (Weak),23446348
220333,MIRT522969,hsa-miR-6807-5p,Homo sapiens,INTU,27152.0,Homo sapiens,PAR-CLIP,Functional MTI (Weak),23446348
220396,MIRT523007,hsa-miR-6807-5p,Homo sapiens,IL6R,3570.0,Homo sapiens,PAR-CLIP,Functional MTI (Weak),23446348
220447,MIRT523047,hsa-miR-6807-5p,Homo sapiens,ICMT,23463.0,Homo sapiens,PAR-CLIP,Functional MTI (Weak),23446348
220962,MIRT523413,hsa-miR-6807-5p,Homo sapiens,GPR157,80045.0,Homo sapiens,PAR-CLIP,Functional MTI (Weak),20371350
220963,MIRT523413,hsa-miR-6807-5p,Homo sapiens,GPR157,80045.0,Homo sapiens,PAR-CLIP,Functional MTI (Weak),23446348
221248,MIRT523575,hsa-miR-6807-5p,Homo sapiens,GGA2,23062.0,Homo sapiens,HITS-CLIP,Functional MTI (Weak),19536157
221249,MIRT523575,hsa-miR-6807-5p,Homo sapiens,GGA2,23062.0,Homo sapiens,PAR-CLIP,Functional MTI (Weak),23446348
221349,MIRT523630,hsa-miR-6807-5p,Homo sapiens,FOXK1,221937.0,Homo sapiens,PAR-CLIP,Functional MTI (Weak),21572407
221350,MIRT523630,hsa-miR-6807-5p,Homo sapiens,FOXK1,221937.0,Homo sapiens,PAR-CLIP,Functional MTI (Weak),23446348
221407,MIRT523660,hsa-miR-6807-5p,Homo sapiens,FOSL2,2355.0,Homo sapiens,PAR-CLIP,Functional MTI (Weak),23446348
221630,MIRT523798,hsa-miR-6807-5p,Homo sapiens,FAM63A,55793.0,Homo sapiens,PAR-CLIP,Functional MTI (Weak),23446348
221664,MIRT523824,hsa-miR-6807-5p,Homo sapiens,FAM126B,285172.0,Homo sapiens,PAR-CLIP,Functional MTI (Weak),23446348
221938,MIRT523991,hsa-miR-6807-5p,Homo sapiens,DVL3,1857.0,Homo sapiens,PAR-CLIP,Functional MTI (Weak),23446348
221948,MIRT523998,hsa-miR-6807-5p,Homo sapiens,DSTYK,25778.0,Homo sapiens,PAR-CLIP,Functional MTI (Weak),23446348
221949,MIRT523998,hsa-miR-6807-5p,Homo sapiens,DSTYK,25778.0,Homo sapiens,HITS-CLIP,Functional MTI (Weak),23824327
222040,MIRT524071,hsa-miR-6807-5p,Homo sapiens,DNAJC10,54431.0,Homo sapiens,PAR-CLIP,Functional MTI (Weak),23446348
222194,MIRT524201,hsa-miR-6807-5p,Homo sapiens,DDX19B,11269.0,Homo sapiens,PAR-CLIP,Functional MTI (Weak),23446348
222446,MIRT524363,hsa-miR-6807-5p,Homo sapiens,CREB1,1385.0,Homo sapiens,PAR-CLIP,Functional MTI (Weak),23446348
222527,MIRT524428,hsa-miR-6807-5p,Homo sapiens,CNKSR3,154043.0,Homo sapiens,PAR-CLIP,Functional MTI (Weak),23446348
222716,MIRT524554,hsa-miR-6807-5p,Homo sapiens,CASP16,197350.0,Homo sapiens,PAR-CLIP,Functional MTI (Weak),23446348
222760,MIRT524579,hsa-miR-6807-5p,Homo sapiens,CALCOCO2,10241.0,Homo sapiens,PAR-CLIP,Functional MTI (Weak),23446348
222799,MIRT524615,hsa-miR-6807-5p,Homo sapiens,C7orf73,647087.0,Homo sapiens,PAR-CLIP,Functional MTI (Weak),23446348
223408,MIRT524951,hsa-miR-6807-5p,Homo sapiens,AGO3,192669.0,Homo sapiens,PAR-CLIP,Functional MTI (Weak),23446348
224032,MIRT525438,hsa-miR-6807-5p,Homo sapiens,RBM23,55147.0,Homo sapiens,PAR-CLIP,Functional MTI (Weak),22012620
224385,MIRT525667,hsa-miR-6807-5p,Homo sapiens,KXD1,79036.0,Homo sapiens,PAR-CLIP,Functional MTI (Weak),22012620
229082,MIRT529705,hsa-miR-6807-5p,Homo sapiens,ZBTB49,166793.0,Homo sapiens,PAR-CLIP,Functional MTI (Weak),22012620
229453,MIRT530017,hsa-miR-6807-5p,Homo sapiens,KIAA1875,340390.0,Homo sapiens,PAR-CLIP,Functional MTI (Weak),22012620
231440,MIRT531747,hsa-miR-6807-5p,Homo sapiens,TXK,7294.0,Homo sapiens,PAR-CLIP,Functional MTI (Weak),22012620
232289,MIRT532483,hsa-miR-6807-3p,Homo sapiens,HOXA13,3209.0,Homo sapiens,PAR-CLIP,Functional MTI (Weak),22012620
233664,MIRT533642,hsa-miR-6807-3p,Homo sapiens,TMSB4X,7114.0,Homo sapiens,PAR-CLIP,Functional MTI (Weak),22012620
233990,MIRT533937,hsa-miR-6807-3p,Homo sapiens,TAF1D,79101.0,Homo sapiens,PAR-CLIP,Functional MTI (Weak),22012620
237693,MIRT537021,hsa-miR-6807-5p,Homo sapiens,GRIN2B,2904.0,Homo sapiens,PAR-CLIP,Functional MTI (Weak),22012620
238775,MIRT537938,hsa-miR-6807-5p,Homo sapiens,DSN1,79980.0,Homo sapiens,PAR-CLIP,Functional MTI (Weak),22012620
240591,MIRT539383,hsa-miR-6807-3p,Homo sapiens,ADSS,159.0,Homo sapiens,PAR-CLIP,Functional MTI (Weak),20371350
240592,MIRT539383,hsa-miR-6807-3p,Homo sapiens,ADSS,159.0,Homo sapiens,PAR-CLIP,Functional MTI (Weak),21572407
240593,MIRT539383,hsa-miR-6807-3p,Homo sapiens,ADSS,159.0,Homo sapiens,PAR-CLIP,Functional MTI (Weak),22012620
244076,MIRT541989,hsa-miR-6807-5p,Homo sapiens,MYO1C,4641.0,Homo sapiens,PAR-CLIP,Functional MTI (Weak),21572407
244649,MIRT542375,hsa-miR-6807-5p,Homo sapiens,SMURF2,64750.0,Homo sapiens,PAR-CLIP,Functional MTI (Weak),21572407
249334,MIRT546245,hsa-miR-6807-3p,Homo sapiens,TNFRSF21,27242.0,Homo sapiens,PAR-CLIP,Functional MTI (Weak),21572407
251592,MIRT547977,hsa-miR-6807-3p,Homo sapiens,HIF1A,3091.0,Homo sapiens,PAR-CLIP,Functional MTI (Weak),21572407
254167,MIRT549984,hsa-miR-6807-5p,Homo sapiens,ZNF695,57116.0,Homo sapiens,PAR-CLIP,Functional MTI (Weak),20371350
254168,MIRT549984,hsa-miR-6807-5p,Homo sapiens,ZNF695,57116.0,Homo sapiens,PAR-CLIP,Functional MTI (Weak),21572407
255247,MIRT550848,hsa-miR-6807-3p,Homo sapiens,TMEM63A,9725.0,Homo sapiens,PAR-CLIP,Functional MTI (Weak),21572407
256021,MIRT551444,hsa-miR-6807-5p,Homo sapiens,ZNF431,170959.0,Homo sapiens,PAR-CLIP,Functional MTI (Weak),21572407
256022,MIRT551444,hsa-miR-6807-5p,Homo sapiens,ZNF431,170959.0,Homo sapiens,HITS-CLIP,Functional MTI (Weak),23706177
256081,MIRT551494,hsa-miR-6807-5p,Homo sapiens,CENPN,55839.0,Homo sapiens,PAR-CLIP,Functional MTI (Weak),20371350
256082,MIRT551494,hsa-miR-6807-5p,Homo sapiens,CENPN,55839.0,Homo sapiens,PAR-CLIP,Functional MTI (Weak),21572407
257039,MIRT552295,hsa-miR-6807-5p,Homo sapiens,ITGA3,3675.0,Homo sapiens,PAR-CLIP,Functional MTI (Weak),21572407
257040,MIRT552295,hsa-miR-6807-5p,Homo sapiens,ITGA3,3675.0,Homo sapiens,HITS-CLIP,Functional MTI (Weak),23313552
257041,MIRT552295,hsa-miR-6807-5p,Homo sapiens,ITGA3,3675.0,Homo sapiens,HITS-CLIP,Functional MTI (Weak),23706177
257445,MIRT552586,hsa-miR-6807-5p,Homo sapiens,ZCCHC9,84240.0,Homo sapiens,PAR-CLIP,Functional MTI (Weak),21572407
260029,MIRT554732,hsa-miR-6807-5p,Homo sapiens,RHOC,389.0,Homo sapiens,PAR-CLIP,Functional MTI (Weak),21572407
260871,MIRT555489,hsa-miR-6807-3p,Homo sapiens,PNRC2,55629.0,Homo sapiens,PAR-CLIP,Functional MTI (Weak),21572407
260971,MIRT555588,hsa-miR-6807-5p,Homo sapiens,PIP5K1C,23396.0,Homo sapiens,PAR-CLIP,Functional MTI (Weak),21572407
264590,MIRT558574,hsa-miR-6807-3p,Homo sapiens,CREBZF,58487.0,Homo sapiens,PAR-CLIP,Functional MTI (Weak),21572407
265918,MIRT559646,hsa-miR-6807-5p,Homo sapiens,AHCYL2,23382.0,Homo sapiens,PAR-CLIP,Functional MTI (Weak),21572407
266350,MIRT560043,hsa-miR-6807-5p,Homo sapiens,ZNF680,340252.0,Homo sapiens,PAR-CLIP,Functional MTI (Weak),20371350
267121,MIRT560790,hsa-miR-6807-5p,Homo sapiens,EPM2AIP1,9852.0,Homo sapiens,PAR-CLIP,Functional MTI (Weak),20371350
269190,MIRT562823,hsa-miR-6807-5p,Homo sapiens,GCFC2,6936.0,Homo sapiens,PAR-CLIP,Functional MTI (Weak),20371350
269270,MIRT562903,hsa-miR-6807-5p,Homo sapiens,DNAH10OS,642797.0,Homo sapiens,PAR-CLIP,Functional MTI (Weak),20371350
270039,MIRT563661,hsa-miR-6807-5p,Homo sapiens,SMC4,10051.0,Homo sapiens,PAR-CLIP,Functional MTI (Weak),20371350
270463,MIRT564044,hsa-miR-6807-5p,Homo sapiens,NDUFA7,4701.0,Homo sapiens,PAR-CLIP,Functional MTI (Weak),20371350
270525,MIRT564106,hsa-miR-6807-5p,Homo sapiens,CDCP1,64866.0,Homo sapiens,PAR-CLIP,Functional MTI (Weak),20371350
271729,MIRT565228,hsa-miR-6807-5p,Homo sapiens,TRAF6,7189.0,Homo sapiens,PAR-CLIP,Functional MTI (Weak),20371350
273448,MIRT566894,hsa-miR-6807-5p,Homo sapiens,LRIG2,9860.0,Homo sapiens,PAR-CLIP,Functional MTI (Weak),20371350
273968,MIRT567409,hsa-miR-6807-5p,Homo sapiens,GOLPH3L,55204.0,Homo sapiens,PAR-CLIP,Functional MTI (Weak),20371350
276594,MIRT569955,hsa-miR-6807-5p,Homo sapiens,PPP1R16B,26051.0,Homo sapiens,PAR-CLIP,Functional MTI (Weak),20371350
277409,MIRT570713,hsa-miR-6807-5p,Homo sapiens,DGKE,8526.0,Homo sapiens,PAR-CLIP,Functional MTI (Weak),20371350
277782,MIRT571061,hsa-miR-6807-5p,Homo sapiens,ALG14,199857.0,Homo sapiens,PAR-CLIP,Functional MTI (Weak),20371350
277879,MIRT571155,hsa-miR-6807-5p,Homo sapiens,CCR4,1233.0,Homo sapiens,PAR-CLIP,Functional MTI (Weak),20371350
277966,MIRT571240,hsa-miR-6807-5p,Homo sapiens,FADS6,283985.0,Homo sapiens,PAR-CLIP,Functional MTI (Weak),20371350
285021,MIRT608538,hsa-miR-6807-5p,Homo sapiens,TBC1D24,57465.0,Homo sapiens,HITS-CLIP,Functional MTI (Weak),24906430
286160,MIRT609218,hsa-miR-6807-5p,Homo sapiens,ACSM2A,123876.0,Homo sapiens,HITS-CLIP,Functional MTI (Weak),23824327
288102,MIRT610751,hsa-miR-6807-3p,Homo sapiens,MARCH5,54708.0,Homo sapiens,HITS-CLIP,Functional MTI (Weak),22927820
288103,MIRT610751,hsa-miR-6807-3p,Homo sapiens,MARCH5,54708.0,Homo sapiens,HITS-CLIP,Functional MTI (Weak),23313552
288104,MIRT610751,hsa-miR-6807-3p,Homo sapiens,MARCH5,54708.0,Homo sapiens,HITS-CLIP,Functional MTI (Weak),23824327
291324,MIRT613151,hsa-miR-6807-3p,Homo sapiens,DNAL1,83544.0,Homo sapiens,HITS-CLIP,Functional MTI (Weak),23824327
292073,MIRT613751,hsa-miR-6807-5p,Homo sapiens,UNKL,64718.0,Homo sapiens,HITS-CLIP,Functional MTI (Weak),23824327
293171,MIRT614654,hsa-miR-6807-5p,Homo sapiens,NIPAL3,57185.0,Homo sapiens,HITS-CLIP,Functional MTI (Weak),23824327
298730,MIRT619745,hsa-miR-6807-5p,Homo sapiens,TPST2,8459.0,Homo sapiens,HITS-CLIP,Functional MTI (Weak),23824327
299171,MIRT620141,hsa-miR-6807-5p,Homo sapiens,NLRP12,91662.0,Homo sapiens,HITS-CLIP,Functional MTI (Weak),23824327
302493,MIRT623220,hsa-miR-6807-5p,Homo sapiens,MSANTD4,84437.0,Homo sapiens,HITS-CLIP,Functional MTI (Weak),23824327
303926,MIRT624597,hsa-miR-6807-3p,Homo sapiens,BACH2,60468.0,Homo sapiens,HITS-CLIP,Functional MTI (Weak),23824327
305065,MIRT625652,hsa-miR-6807-5p,Homo sapiens,C2orf48,348738.0,Homo sapiens,HITS-CLIP,Functional MTI (Weak),23824327
307479,MIRT627905,hsa-miR-6807-5p,Homo sapiens,OCIAD2,132299.0,Homo sapiens,HITS-CLIP,Functional MTI (Weak),23824327
308285,MIRT628660,hsa-miR-6807-5p,Homo sapiens,FAM83C,128876.0,Homo sapiens,HITS-CLIP,Functional MTI (Weak),23824327
310698,MIRT630874,hsa-miR-6807-3p,Homo sapiens,UBXN11,91544.0,Homo sapiens,HITS-CLIP,Functional MTI (Weak),23824327
311294,MIRT631474,hsa-miR-6807-5p,Homo sapiens,KLHL21,9903.0,Homo sapiens,HITS-CLIP,Functional MTI (Weak),23824327
312044,MIRT632169,hsa-miR-6807-5p,Homo sapiens,CCL22,6367.0,Homo sapiens,HITS-CLIP,Functional MTI (Weak),23824327
316872,MIRT636743,hsa-miR-6807-5p,Homo sapiens,ACO1,48.0,Homo sapiens,HITS-CLIP,Functional MTI (Weak),23824327
319675,MIRT639308,hsa-miR-6807-5p,Homo sapiens,CKAP4,10970.0,Homo sapiens,HITS-CLIP,Functional MTI (Weak),23313552
319676,MIRT639308,hsa-miR-6807-5p,Homo sapiens,CKAP4,10970.0,Homo sapiens,HITS-CLIP,Functional MTI (Weak),23824327
319683,MIRT639312,hsa-miR-6807-3p,Homo sapiens,CKAP4,10970.0,Homo sapiens,HITS-CLIP,Functional MTI (Weak),23824327
320137,MIRT639696,hsa-miR-6807-5p,Homo sapiens,IDE,3416.0,Homo sapiens,HITS-CLIP,Functional MTI (Weak),23824327
320314,MIRT639869,hsa-miR-6807-3p,Homo sapiens,STK40,83931.0,Homo sapiens,HITS-CLIP,Functional MTI (Weak),23824327
320344,MIRT639899,hsa-miR-6807-5p,Homo sapiens,SRGAP2,23380.0,Homo sapiens,HITS-CLIP,Functional MTI (Weak),23824327
323486,MIRT642931,hsa-miR-6807-5p,Homo sapiens,KRTAP5-9,3846.0,Homo sapiens,HITS-CLIP,Functional MTI (Weak),23824327
324489,MIRT643928,hsa-miR-6807-5p,Homo sapiens,C17orf104,284071.0,Homo sapiens,HITS-CLIP,Functional MTI (Weak),23824327
324905,MIRT644355,hsa-miR-6807-5p,Homo sapiens,NDUFAF6,137682.0,Homo sapiens,HITS-CLIP,Functional MTI (Weak),23824327
325250,MIRT644701,hsa-miR-6807-5p,Homo sapiens,ZNF320,162967.0,Homo sapiens,HITS-CLIP,Functional MTI (Weak),23824327
325746,MIRT645184,hsa-miR-6807-5p,Homo sapiens,POLR3F,10621.0,Homo sapiens,HITS-CLIP,Functional MTI (Weak),23824327
326368,MIRT645790,hsa-miR-6807-5p,Homo sapiens,PLCE1,51196.0,Homo sapiens,HITS-CLIP,Functional MTI (Weak),23824327
326556,MIRT645975,hsa-miR-6807-3p,Homo sapiens,NHLRC2,374354.0,Homo sapiens,HITS-CLIP,Functional MTI (Weak),23824327
327221,MIRT646612,hsa-miR-6807-5p,Homo sapiens,SMOC2,64094.0,Homo sapiens,HITS-CLIP,Functional MTI (Weak),23824327
327312,MIRT646703,hsa-miR-6807-5p,Homo sapiens,COPS8,10920.0,Homo sapiens,HITS-CLIP,Functional MTI (Weak),23824327
327752,MIRT647138,hsa-miR-6807-5p,Homo sapiens,CYP27C1,339761.0,Homo sapiens,HITS-CLIP,Functional MTI (Weak),23824327
327785,MIRT647171,hsa-miR-6807-5p,Homo sapiens,ARGFX,503582.0,Homo sapiens,HITS-CLIP,Functional MTI (Weak),23313552
327786,MIRT647171,hsa-miR-6807-5p,Homo sapiens,ARGFX,503582.0,Homo sapiens,HITS-CLIP,Functional MTI (Weak),23824327
328087,MIRT647468,hsa-miR-6807-5p,Homo sapiens,TNFAIP8L1,126282.0,Homo sapiens,HITS-CLIP,Functional MTI (Weak),23824327
329139,MIRT648473,hsa-miR-6807-3p,Homo sapiens,TCERG1,10915.0,Homo sapiens,HITS-CLIP,Functional MTI (Weak),23824327
329463,MIRT648797,hsa-miR-6807-3p,Homo sapiens,VPS8,23355.0,Homo sapiens,HITS-CLIP,Functional MTI (Weak),23824327
329871,MIRT649200,hsa-miR-6807-5p,Homo sapiens,KIAA1715,80856.0,Homo sapiens,HITS-CLIP,Functional MTI (Weak),23824327
330362,MIRT649695,hsa-miR-6807-5p,Homo sapiens,ZNF175,7728.0,Homo sapiens,HITS-CLIP,Functional MTI (Weak),23824327
330902,MIRT650212,hsa-miR-6807-5p,Homo sapiens,SIGLEC9,27180.0,Homo sapiens,HITS-CLIP,Functional MTI (Weak),19536157
330903,MIRT650212,hsa-miR-6807-5p,Homo sapiens,SIGLEC9,27180.0,Homo sapiens,HITS-CLIP,Functional MTI (Weak),23824327
332897,MIRT652108,hsa-miR-6807-5p,Homo sapiens,TRUB2,26995.0,Homo sapiens,HITS-CLIP,Functional MTI (Weak),23313552
332898,MIRT652108,hsa-miR-6807-5p,Homo sapiens,TRUB2,26995.0,Homo sapiens,HITS-CLIP,Functional MTI (Weak),23824327
333652,MIRT652844,hsa-miR-6807-3p,Homo sapiens,TACO1,51204.0,Homo sapiens,HITS-CLIP,Functional MTI (Weak),23824327
333721,MIRT652913,hsa-miR-6807-5p,Homo sapiens,SYNJ2BP,55333.0,Homo sapiens,HITS-CLIP,Functional MTI (Weak),23824327
336064,MIRT655213,hsa-miR-6807-5p,Homo sapiens,PFKM,5213.0,Homo sapiens,HITS-CLIP,Functional MTI (Weak),23824327
337150,MIRT656276,hsa-miR-6807-5p,Homo sapiens,METTL14,57721.0,Homo sapiens,HITS-CLIP,Functional MTI (Weak),23824327
338271,MIRT657395,hsa-miR-6807-5p,Homo sapiens,HM13,81502.0,Homo sapiens,HITS-CLIP,Functional MTI (Weak),19536157
338272,MIRT657395,hsa-miR-6807-5p,Homo sapiens,HM13,81502.0,Homo sapiens,HITS-CLIP,Functional MTI (Weak),23824327
343077,MIRT662051,hsa-miR-6807-5p,Homo sapiens,AMER3,205147.0,Homo sapiens,HITS-CLIP,Functional MTI (Weak),23824327
343884,MIRT662788,hsa-miR-6807-5p,Homo sapiens,TBC1D25,4943.0,Homo sapiens,HITS-CLIP,Functional MTI (Weak),23824327
346936,MIRT665657,hsa-miR-6807-5p,Homo sapiens,TRAF1,7185.0,Homo sapiens,HITS-CLIP,Functional MTI (Weak),23824327
347345,MIRT666025,hsa-miR-6807-5p,Homo sapiens,STX7,8417.0,Homo sapiens,HITS-CLIP,Functional MTI (Weak),23824327
347383,MIRT666063,hsa-miR-6807-5p,Homo sapiens,STAT3,6774.0,Homo sapiens,HITS-CLIP,Functional MTI (Weak),23824327
348296,MIRT666924,hsa-miR-6807-5p,Homo sapiens,PNRC1,10957.0,Homo sapiens,HITS-CLIP,Functional MTI (Weak),23824327
350264,MIRT668778,hsa-miR-6807-5p,Homo sapiens,DAAM1,23002.0,Homo sapiens,HITS-CLIP,Functional MTI (Weak),23824327
351802,MIRT670200,hsa-miR-6807-5p,Homo sapiens,SLC24A4,123041.0,Homo sapiens,HITS-CLIP,Functional MTI (Weak),23824327
362010,MIRT679834,hsa-miR-6807-5p,Homo sapiens,GPR75,10936.0,Homo sapiens,HITS-CLIP,Functional MTI (Weak),23824327
362915,MIRT680668,hsa-miR-6807-5p,Homo sapiens,JAM2,58494.0,Homo sapiens,HITS-CLIP,Functional MTI (Weak),23706177
363003,MIRT680755,hsa-miR-6807-5p,Homo sapiens,WDR73,84942.0,Homo sapiens,HITS-CLIP,Functional MTI (Weak),23313552
363004,MIRT680755,hsa-miR-6807-5p,Homo sapiens,WDR73,84942.0,Homo sapiens,HITS-CLIP,Functional MTI (Weak),23706177
363197,MIRT680947,hsa-miR-6807-5p,Homo sapiens,PLCXD1,55344.0,Homo sapiens,HITS-CLIP,Functional MTI (Weak),23706177
363289,MIRT681025,hsa-miR-6807-5p,Homo sapiens,AAED1,195827.0,Homo sapiens,HITS-CLIP,Functional MTI (Weak),23706177
363477,MIRT681222,hsa-miR-6807-5p,Homo sapiens,DUSP19,142679.0,Homo sapiens,HITS-CLIP,Functional MTI (Weak),23706177
363514,MIRT681258,hsa-miR-6807-5p,Homo sapiens,RFC2,5982.0,Homo sapiens,HITS-CLIP,Functional MTI (Weak),23706177
363571,MIRT681315,hsa-miR-6807-5p,Homo sapiens,ZFAND4,93550.0,Homo sapiens,HITS-CLIP,Functional MTI (Weak),23313552
363572,MIRT681315,hsa-miR-6807-5p,Homo sapiens,ZFAND4,93550.0,Homo sapiens,HITS-CLIP,Functional MTI (Weak),23706177
363886,MIRT681610,hsa-miR-6807-5p,Homo sapiens,F2RL2,2151.0,Homo sapiens,HITS-CLIP,Functional MTI (Weak),23706177
364007,MIRT681730,hsa-miR-6807-5p,Homo sapiens,RAB19,401409.0,Homo sapiens,HITS-CLIP,Functional MTI (Weak),23313552
364008,MIRT681730,hsa-miR-6807-5p,Homo sapiens,RAB19,401409.0,Homo sapiens,HITS-CLIP,Functional MTI (Weak),23706177
364387,MIRT682064,hsa-miR-6807-5p,Homo sapiens,QPCTL,54814.0,Homo sapiens,HITS-CLIP,Functional MTI (Weak),23706177
364797,MIRT682426,hsa-miR-6807-5p,Homo sapiens,NRXN3,9369.0,Homo sapiens,HITS-CLIP,Functional MTI (Weak),23706177
365088,MIRT682706,hsa-miR-6807-5p,Homo sapiens,FAM227A,646851.0,Homo sapiens,HITS-CLIP,Functional MTI (Weak),23706177
365131,MIRT682747,hsa-miR-6807-3p,Homo sapiens,CA6,765.0,Homo sapiens,HITS-CLIP,Functional MTI (Weak),23706177
365156,MIRT682772,hsa-miR-6807-5p,Homo sapiens,ZNF852,285346.0,Homo sapiens,HITS-CLIP,Functional MTI (Weak),23313552
365157,MIRT682772,hsa-miR-6807-5p,Homo sapiens,ZNF852,285346.0,Homo sapiens,HITS-CLIP,Functional MTI (Weak),23706177
365246,MIRT682856,hsa-miR-6807-5p,Homo sapiens,CDNF,441549.0,Homo sapiens,HITS-CLIP,Functional MTI (Weak),23706177
365356,MIRT682962,hsa-miR-6807-5p,Homo sapiens,CD96,10225.0,Homo sapiens,HITS-CLIP,Functional MTI (Weak),23706177
365390,MIRT682994,hsa-miR-6807-5p,Homo sapiens,MUC20,200958.0,Homo sapiens,HITS-CLIP,Functional MTI (Weak),23706177
365449,MIRT683053,hsa-miR-6807-5p,Homo sapiens,RAB11FIP1,80223.0,Homo sapiens,HITS-CLIP,Functional MTI (Weak),23706177
365458,MIRT683062,hsa-miR-6807-5p,Homo sapiens,NUP205,23165.0,Homo sapiens,HITS-CLIP,Functional MTI (Weak),23706177
365819,MIRT683422,hsa-miR-6807-5p,Homo sapiens,ZNF878,729747.0,Homo sapiens,HITS-CLIP,Functional MTI (Weak),23313552
365835,MIRT683438,hsa-miR-6807-5p,Homo sapiens,AP3B2,8120.0,Homo sapiens,HITS-CLIP,Functional MTI (Weak),23313552
365859,MIRT683462,hsa-miR-6807-5p,Homo sapiens,CCS,9973.0,Homo sapiens,HITS-CLIP,Functional MTI (Weak),23313552
366005,MIRT683605,hsa-miR-6807-5p,Homo sapiens,PCP4L1,654790.0,Homo sapiens,HITS-CLIP,Functional MTI (Weak),23313552
366066,MIRT683666,hsa-miR-6807-5p,Homo sapiens,ZNF785,146540.0,Homo sapiens,HITS-CLIP,Functional MTI (Weak),23313552
366124,MIRT683722,hsa-miR-6807-3p,Homo sapiens,LACTB,114294.0,Homo sapiens,HITS-CLIP,Functional MTI (Weak),23313552
366333,MIRT683931,hsa-miR-6807-5p,Homo sapiens,MYLK3,91807.0,Homo sapiens,HITS-CLIP,Functional MTI (Weak),23313552
366745,MIRT684338,hsa-miR-6807-5p,Homo sapiens,IFIT3,3437.0,Homo sapiens,HITS-CLIP,Functional MTI (Weak),23313552
367104,MIRT684696,hsa-miR-6807-5p,Homo sapiens,LRRD1,401387.0,Homo sapiens,HITS-CLIP,Functional MTI (Weak),23313552
367322,MIRT684908,hsa-miR-6807-5p,Homo sapiens,CD28,940.0,Homo sapiens,HITS-CLIP,Functional MTI (Weak),23313552
367433,MIRT685019,hsa-miR-6807-5p,Homo sapiens,MRI1,84245.0,Homo sapiens,HITS-CLIP,Functional MTI (Weak),23313552
367755,MIRT685341,hsa-miR-6807-5p,Homo sapiens,CCL5,6352.0,Homo sapiens,HITS-CLIP,Functional MTI (Weak),23313552
367900,MIRT685486,hsa-miR-6807-5p,Homo sapiens,CACNG8,59283.0,Homo sapiens,HITS-CLIP,Functional MTI (Weak),23313552
368283,MIRT685869,hsa-miR-6807-5p,Homo sapiens,RTN2,6253.0,Homo sapiens,HITS-CLIP,Functional MTI (Weak),23313552
368499,MIRT686085,hsa-miR-6807-5p,Homo sapiens,PNPLA3,80339.0,Homo sapiens,HITS-CLIP,Functional MTI (Weak),23313552
368507,MIRT686093,hsa-miR-6807-5p,Homo sapiens,TNIP3,79931.0,Homo sapiens,HITS-CLIP,Functional MTI (Weak),23313552
368557,MIRT686143,hsa-miR-6807-5p,Homo sapiens,HS3ST1,9957.0,Homo sapiens,HITS-CLIP,Functional MTI (Weak),23313552
368592,MIRT686178,hsa-miR-6807-5p,Homo sapiens,ZNHIT6,54680.0,Homo sapiens,HITS-CLIP,Functional MTI (Weak),23313552
368817,MIRT686403,hsa-miR-6807-5p,Homo sapiens,UACA,55075.0,Homo sapiens,HITS-CLIP,Functional MTI (Weak),23313552
369462,MIRT687033,hsa-miR-6807-5p,Homo sapiens,RNF115,27246.0,Homo sapiens,HITS-CLIP,Functional MTI (Weak),23313552
369494,MIRT687065,hsa-miR-6807-5p,Homo sapiens,RABGAP1L,9910.0,Homo sapiens,HITS-CLIP,Functional MTI (Weak),23313552
369751,MIRT687320,hsa-miR-6807-5p,Homo sapiens,OSMR,9180.0,Homo sapiens,HITS-CLIP,Functional MTI (Weak),19536157
369752,MIRT687320,hsa-miR-6807-5p,Homo sapiens,OSMR,9180.0,Homo sapiens,HITS-CLIP,Functional MTI (Weak),23313552
370066,MIRT687633,hsa-miR-6807-5p,Homo sapiens,LRIF1,55791.0,Homo sapiens,HITS-CLIP,Functional MTI (Weak),23313552
370112,MIRT687679,hsa-miR-6807-5p,Homo sapiens,LIMD1,8994.0,Homo sapiens,HITS-CLIP,Functional MTI (Weak),23313552
370216,MIRT687783,hsa-miR-6807-5p,Homo sapiens,KDSR,2531.0,Homo sapiens,HITS-CLIP,Functional MTI (Weak),23313552
370532,MIRT688099,hsa-miR-6807-5p,Homo sapiens,GK5,256356.0,Homo sapiens,HITS-CLIP,Functional MTI (Weak),23313552
371001,MIRT688568,hsa-miR-6807-5p,Homo sapiens,DBT,1629.0,Homo sapiens,HITS-CLIP,Functional MTI (Weak),23313552
371254,MIRT688821,hsa-miR-6807-5p,Homo sapiens,CAPZA2,830.0,Homo sapiens,HITS-CLIP,Functional MTI (Weak),23313552
371810,MIRT689374,hsa-miR-6807-5p,Homo sapiens,ZNF850,342892.0,Homo sapiens,HITS-CLIP,Functional MTI (Weak),23313552
372218,MIRT689782,hsa-miR-6807-5p,Homo sapiens,GTF2H3,2967.0,Homo sapiens,HITS-CLIP,Functional MTI (Weak),23313552
372979,MIRT690543,hsa-miR-6807-5p,Homo sapiens,GNG4,2786.0,Homo sapiens,HITS-CLIP,Functional MTI (Weak),23313552
373137,MIRT690699,hsa-miR-6807-5p,Homo sapiens,CABP4,57010.0,Homo sapiens,HITS-CLIP,Functional MTI (Weak),23313552
373643,MIRT691204,hsa-miR-6807-5p,Homo sapiens,KLHL30,377007.0,Homo sapiens,HITS-CLIP,Functional MTI (Weak),23313552
375817,MIRT693323,hsa-miR-6807-5p,Homo sapiens,ZNF548,147694.0,Homo sapiens,HITS-CLIP,Functional MTI (Weak),23313552
377017,MIRT694515,hsa-miR-6807-5p,Homo sapiens,RRP7A,27341.0,Homo sapiens,HITS-CLIP,Functional MTI (Weak),23313552
377418,MIRT694916,hsa-miR-6807-5p,Homo sapiens,ANKS4B,257629.0,Homo sapiens,HITS-CLIP,Functional MTI (Weak),23313552
377784,MIRT695279,hsa-miR-6807-5p,Homo sapiens,SNRPD1,6632.0,Homo sapiens,HITS-CLIP,Functional MTI (Weak),23313552
378089,MIRT695583,hsa-miR-6807-5p,Homo sapiens,ACOX1,51.0,Homo sapiens,HITS-CLIP,Functional MTI (Weak),23313552
378232,MIRT695726,hsa-miR-6807-5p,Homo sapiens,ZNF117,51351.0,Homo sapiens,HITS-CLIP,Functional MTI (Weak),23313552
379392,MIRT696890,hsa-miR-6807-5p,Homo sapiens,C14orf105,55195.0,Homo sapiens,HITS-CLIP,Functional MTI (Weak),23313552
379490,MIRT696988,hsa-miR-6807-5p,Homo sapiens,CCDC80,151887.0,Homo sapiens,HITS-CLIP,Functional MTI (Weak),23313552
379771,MIRT697269,hsa-miR-6807-5p,Homo sapiens,ZYG11A,440590.0,Homo sapiens,HITS-CLIP,Functional MTI (Weak),23313552
381213,MIRT698712,hsa-miR-6807-5p,Homo sapiens,SUMO2,6613.0,Homo sapiens,HITS-CLIP,Functional MTI (Weak),23313552
381813,MIRT699303,hsa-miR-6807-5p,Homo sapiens,SLC35F5,80255.0,Homo sapiens,HITS-CLIP,Functional MTI (Weak),23313552
383492,MIRT700938,hsa-miR-6807-5p,Homo sapiens,PDP2,57546.0,Homo sapiens,HITS-CLIP,Functional MTI (Weak),23313552
383616,MIRT701062,hsa-miR-6807-5p,Homo sapiens,PARP2,10038.0,Homo sapiens,HITS-CLIP,Functional MTI (Weak),23313552
383653,MIRT701099,hsa-miR-6807-5p,Homo sapiens,PAPD5,64282.0,Homo sapiens,HITS-CLIP,Functional MTI (Weak),23313552
384264,MIRT701706,hsa-miR-6807-3p,Homo sapiens,MXD1,4084.0,Homo sapiens,HITS-CLIP,Functional MTI (Weak),23313552
384319,MIRT701761,hsa-miR-6807-5p,Homo sapiens,MSL2,55167.0,Homo sapiens,HITS-CLIP,Functional MTI (Weak),23313552
384472,MIRT701912,hsa-miR-6807-3p,Homo sapiens,MMGT1,93380.0,Homo sapiens,HITS-CLIP,Functional MTI (Weak),23313552
385949,MIRT703361,hsa-miR-6807-5p,Homo sapiens,GAPVD1,26130.0,Homo sapiens,HITS-CLIP,Functional MTI (Weak),23313552
386042,MIRT703454,hsa-miR-6807-5p,Homo sapiens,FTO,79068.0,Homo sapiens,HITS-CLIP,Functional MTI (Weak),23313552
386341,MIRT703751,hsa-miR-6807-5p,Homo sapiens,FAM118A,55007.0,Homo sapiens,HITS-CLIP,Functional MTI (Weak),23313552
387134,MIRT704544,hsa-miR-6807-5p,Homo sapiens,CNBP,7555.0,Homo sapiens,HITS-CLIP,Functional MTI (Weak),23313552
387306,MIRT704716,hsa-miR-6807-5p,Homo sapiens,CHCHD4,131474.0,Homo sapiens,HITS-CLIP,Functional MTI (Weak),23313552
387407,MIRT704817,hsa-miR-6807-3p,Homo sapiens,CDC73,79577.0,Homo sapiens,HITS-CLIP,Functional MTI (Weak),23313552
387796,MIRT705206,hsa-miR-6807-3p,Homo sapiens,BTG1,694.0,Homo sapiens,HITS-CLIP,Functional MTI (Weak),23313552
387924,MIRT705334,hsa-miR-6807-5p,Homo sapiens,ATP1B3,483.0,Homo sapiens,HITS-CLIP,Functional MTI (Weak),23313552
388328,MIRT705738,hsa-miR-6807-5p,Homo sapiens,AMD1,262.0,Homo sapiens,HITS-CLIP,Functional MTI (Weak),23313552
390171,MIRT707581,hsa-miR-6807-5p,Homo sapiens,PCNXL2,80003.0,Homo sapiens,HITS-CLIP,Functional MTI (Weak),21572407
391596,MIRT709003,hsa-miR-6807-5p,Homo sapiens,CD109,135228.0,Homo sapiens,HITS-CLIP,Functional MTI (Weak),19536157
392065,MIRT709472,hsa-miR-6807-5p,Homo sapiens,FAXC,84553.0,Homo sapiens,HITS-CLIP,Functional MTI (Weak),19536157
392092,MIRT709499,hsa-miR-6807-5p,Homo sapiens,RHOH,399.0,Homo sapiens,HITS-CLIP,Functional MTI (Weak),19536157
392319,MIRT709726,hsa-miR-6807-3p,Homo sapiens,FAM196B,100131897.0,Homo sapiens,HITS-CLIP,Functional MTI (Weak),19536157
392662,MIRT710075,hsa-miR-6807-5p,Homo sapiens,RARS2,57038.0,Homo sapiens,HITS-CLIP,Functional MTI (Weak),19536157
393742,MIRT711159,hsa-miR-6807-3p,Homo sapiens,WDR82P1,728505.0,Homo sapiens,HITS-CLIP,Functional MTI (Weak),19536157
394205,MIRT711624,hsa-miR-6807-5p,Homo sapiens,CORO1C,23603.0,Homo sapiens,HITS-CLIP,Functional MTI (Weak),19536157
394607,MIRT712026,hsa-miR-6807-5p,Homo sapiens,MNT,4335.0,Homo sapiens,HITS-CLIP,Functional MTI (Weak),19536157
394795,MIRT712214,hsa-miR-6807-5p,Homo sapiens,S1PR1,1901.0,Homo sapiens,HITS-CLIP,Functional MTI (Weak),19536157
395602,MIRT713021,hsa-miR-6807-3p,Homo sapiens,SLC4A2,6522.0,Homo sapiens,HITS-CLIP,Functional MTI (Weak),19536157
396073,MIRT713492,hsa-miR-6807-5p,Homo sapiens,RILPL1,353116.0,Homo sapiens,HITS-CLIP,Functional MTI (Weak),19536157
397717,MIRT715139,hsa-miR-6807-5p,Homo sapiens,EHHADH,1962.0,Homo sapiens,HITS-CLIP,Functional MTI (Weak),19536157
397764,MIRT715186,hsa-miR-6807-5p,Homo sapiens,DUSP3,1845.0,Homo sapiens,HITS-CLIP,Functional MTI (Weak),19536157
398124,MIRT715546,hsa-miR-6807-5p,Homo sapiens,FPGS,2356.0,Homo sapiens,HITS-CLIP,Functional MTI (Weak),19536157
398355,MIRT715782,hsa-miR-6807-5p,Homo sapiens,PHF12,57649.0,Homo sapiens,HITS-CLIP,Functional MTI (Weak),19536157
398435,MIRT715862,hsa-miR-6807-5p,Homo sapiens,KIAA0101,9768.0,Homo sapiens,HITS-CLIP,Functional MTI (Weak),19536157
398514,MIRT715941,hsa-miR-6807-5p,Homo sapiens,NUP93,9688.0,Homo sapiens,HITS-CLIP,Functional MTI (Weak),19536157
398703,MIRT716130,hsa-miR-6807-5p,Homo sapiens,THOC5,8563.0,Homo sapiens,HITS-CLIP,Functional MTI (Weak),19536157
398939,MIRT716366,hsa-miR-6807-5p,Homo sapiens,CBLL1,79872.0,Homo sapiens,HITS-CLIP,Functional MTI (Weak),19536157
400861,MIRT718302,hsa-miR-6807-5p,Homo sapiens,XPOT,11260.0,Homo sapiens,HITS-CLIP,Functional MTI (Weak),19536157
401294,MIRT718735,hsa-miR-6807-5p,Homo sapiens,ATP9A,10079.0,Homo sapiens,HITS-CLIP,Functional MTI (Weak),19536157
401312,MIRT718753,hsa-miR-6807-3p,Homo sapiens,ZNF490,57474.0,Homo sapiens,HITS-CLIP,Functional MTI (Weak),19536157
402045,MIRT719492,hsa-miR-6807-3p,Homo sapiens,LSG1,55341.0,Homo sapiens,HITS-CLIP,Functional MTI (Weak),19536157
402933,MIRT720381,hsa-miR-6807-5p,Homo sapiens,ZNF549,256051.0,Homo sapiens,HITS-CLIP,Functional MTI (Weak),19536157
403108,MIRT720556,hsa-miR-6807-5p,Homo sapiens,ATXN3,4287.0,Homo sapiens,HITS-CLIP,Functional MTI (Weak),19536157
403195,MIRT720643,hsa-miR-6807-3p,Homo sapiens,ELF5,2001.0,Homo sapiens,HITS-CLIP,Functional MTI (Weak),19536157
403445,MIRT720895,hsa-miR-6807-5p,Homo sapiens,OTUD4,54726.0,Homo sapiens,HITS-CLIP,Functional MTI (Weak),19536157
405567,MIRT723025,hsa-miR-6807-3p,Homo sapiens,HINFP,25988.0,Homo sapiens,HITS-CLIP,Functional MTI (Weak),19536157
406418,MIRT723880,hsa-miR-6807-5p,Homo sapiens,VKORC1,79001.0,Homo sapiens,HITS-CLIP,Functional MTI (Weak),19536157
407379,MIRT724841,hsa-miR-6807-5p,Homo sapiens,MED28,80306.0,Homo sapiens,HITS-CLIP,Functional MTI (Weak),19536157
